/*
 Navicat Premium Data Transfer

 Source Server         : ryuntech
 Source Server Type    : MySQL
 Source Server Version : 80017
 Source Host           : localhost:3306
 Source Schema         : ryuntech_su_receivable

 Target Server Type    : MySQL
 Target Server Version : 80017
 File Encoding         : 65001

 Date: 20/11/2019 16:43:47
*/

SET NAMES utf8mb4;
SET FOREIGN_KEY_CHECKS = 0;

-- ----------------------------
-- Table structure for clientdetails
-- ----------------------------
DROP TABLE IF EXISTS `clientdetails`;
CREATE TABLE `clientdetails`  (
  `appId` varchar(256) CHARACTER SET utf8 COLLATE utf8_general_ci NOT NULL,
  `resourceIds` varchar(256) CHARACTER SET utf8 COLLATE utf8_general_ci NULL DEFAULT NULL,
  `appSecret` varchar(256) CHARACTER SET utf8 COLLATE utf8_general_ci NULL DEFAULT NULL,
  `scope` varchar(256) CHARACTER SET utf8 COLLATE utf8_general_ci NULL DEFAULT NULL,
  `grantTypes` varchar(256) CHARACTER SET utf8 COLLATE utf8_general_ci NULL DEFAULT NULL,
  `redirectUrl` varchar(256) CHARACTER SET utf8 COLLATE utf8_general_ci NULL DEFAULT NULL,
  `authorities` varchar(256) CHARACTER SET utf8 COLLATE utf8_general_ci NULL DEFAULT NULL,
  `access_token_validity` int(11) NULL DEFAULT NULL,
  `refresh_token_validity` int(11) NULL DEFAULT NULL,
  `additionalInformation` varchar(4096) CHARACTER SET utf8 COLLATE utf8_general_ci NULL DEFAULT NULL,
  `autoApproveScopes` varchar(256) CHARACTER SET utf8 COLLATE utf8_general_ci NULL DEFAULT NULL,
  PRIMARY KEY (`appId`) USING BTREE
) ENGINE = InnoDB CHARACTER SET = utf8 COLLATE = utf8_general_ci ROW_FORMAT = Dynamic;

-- ----------------------------
-- Table structure for oauth_access_token
-- ----------------------------
DROP TABLE IF EXISTS `oauth_access_token`;
CREATE TABLE `oauth_access_token`  (
  `token_id` varchar(256) CHARACTER SET utf8 COLLATE utf8_general_ci NULL DEFAULT NULL,
  `token` blob NULL,
  `authentication_id` varchar(256) CHARACTER SET utf8 COLLATE utf8_general_ci NOT NULL,
  `user_name` varchar(256) CHARACTER SET utf8 COLLATE utf8_general_ci NULL DEFAULT NULL,
  `client_id` varchar(256) CHARACTER SET utf8 COLLATE utf8_general_ci NULL DEFAULT NULL,
  `authentication` blob NULL,
  `refresh_token` varchar(256) CHARACTER SET utf8 COLLATE utf8_general_ci NULL DEFAULT NULL,
  PRIMARY KEY (`authentication_id`) USING BTREE
) ENGINE = InnoDB CHARACTER SET = utf8 COLLATE = utf8_general_ci ROW_FORMAT = Dynamic;

-- ----------------------------
-- Records of oauth_access_token
-- ----------------------------
INSERT INTO `oauth_access_token` VALUES ('43a618817d94b2e9e77a7239d60968e5', 0xACED0005737200436F72672E737072696E676672616D65776F726B2E73656375726974792E6F61757468322E636F6D6D6F6E2E44656661756C744F4175746832416363657373546F6B656E0CB29E361B24FACE0200064C00156164646974696F6E616C496E666F726D6174696F6E74000F4C6A6176612F7574696C2F4D61703B4C000A65787069726174696F6E7400104C6A6176612F7574696C2F446174653B4C000C72656672657368546F6B656E74003F4C6F72672F737072696E676672616D65776F726B2F73656375726974792F6F61757468322F636F6D6D6F6E2F4F417574683252656672657368546F6B656E3B4C000573636F706574000F4C6A6176612F7574696C2F5365743B4C0009746F6B656E547970657400124C6A6176612F6C616E672F537472696E673B4C000576616C756571007E000578707372001E6A6176612E7574696C2E436F6C6C656374696F6E7324456D7074794D6170593614855ADCE7D002000078707372000E6A6176612E7574696C2E44617465686A81014B597419030000787077080000016DCA775EF57870737200256A6176612E7574696C2E436F6C6C656374696F6E7324556E6D6F6469666961626C65536574801D92D18F9B80550200007872002C6A6176612E7574696C2E436F6C6C656374696F6E7324556E6D6F6469666961626C65436F6C6C656374696F6E19420080CB5EF71E0200014C0001637400164C6A6176612F7574696C2F436F6C6C656374696F6E3B7870737200176A6176612E7574696C2E4C696E6B656448617368536574D86CD75A95DD2A1E020000787200116A6176612E7574696C2E48617368536574BA44859596B8B7340300007870770C000000023F400000000000017400036170707874000662656172657274002431646635646466622D316462382D343339312D393131642D393938663737303434653035, '583aa5feaa7b935410a7c2e7b66b5174', 'ryuntech', 'client', 0xACED0005737200416F72672E737072696E676672616D65776F726B2E73656375726974792E6F61757468322E70726F76696465722E4F417574683241757468656E7469636174696F6EBD400B02166252130200024C000D73746F7265645265717565737474003C4C6F72672F737072696E676672616D65776F726B2F73656375726974792F6F61757468322F70726F76696465722F4F4175746832526571756573743B4C00127573657241757468656E7469636174696F6E7400324C6F72672F737072696E676672616D65776F726B2F73656375726974792F636F72652F41757468656E7469636174696F6E3B787200476F72672E737072696E676672616D65776F726B2E73656375726974792E61757468656E7469636174696F6E2E416273747261637441757468656E7469636174696F6E546F6B656ED3AA287E6E47640E0200035A000D61757468656E746963617465644C000B617574686F7269746965737400164C6A6176612F7574696C2F436F6C6C656374696F6E3B4C000764657461696C737400124C6A6176612F6C616E672F4F626A6563743B787000737200266A6176612E7574696C2E436F6C6C656374696F6E7324556E6D6F6469666961626C654C697374FC0F2531B5EC8E100200014C00046C6973747400104C6A6176612F7574696C2F4C6973743B7872002C6A6176612E7574696C2E436F6C6C656374696F6E7324556E6D6F6469666961626C65436F6C6C656374696F6E19420080CB5EF71E0200014C00016371007E00047870737200136A6176612E7574696C2E41727261794C6973747881D21D99C7619D03000149000473697A657870000000007704000000007871007E000C707372003A6F72672E737072696E676672616D65776F726B2E73656375726974792E6F61757468322E70726F76696465722E4F41757468325265717565737400000000000000010200075A0008617070726F7665644C000B617574686F72697469657371007E00044C000A657874656E73696F6E7374000F4C6A6176612F7574696C2F4D61703B4C000B72656469726563745572697400124C6A6176612F6C616E672F537472696E673B4C00077265667265736874003B4C6F72672F737072696E676672616D65776F726B2F73656375726974792F6F61757468322F70726F76696465722F546F6B656E526571756573743B4C000B7265736F7572636549647374000F4C6A6176612F7574696C2F5365743B4C000D726573706F6E7365547970657371007E0011787200386F72672E737072696E676672616D65776F726B2E73656375726974792E6F61757468322E70726F76696465722E426173655265717565737436287A3EA37169BD0200034C0008636C69656E74496471007E000F4C001172657175657374506172616D657465727371007E000E4C000573636F706571007E00117870740006636C69656E74737200256A6176612E7574696C2E436F6C6C656374696F6E7324556E6D6F6469666961626C654D6170F1A5A8FE74F507420200014C00016D71007E000E7870737200116A6176612E7574696C2E486173684D61700507DAC1C31660D103000246000A6C6F6164466163746F724900097468726573686F6C6478703F400000000000037708000000040000000274000A6772616E745F7479706574000870617373776F7264740008757365726E616D657400087279756E7465636878737200256A6176612E7574696C2E436F6C6C656374696F6E7324556E6D6F6469666961626C65536574801D92D18F9B80550200007871007E0009737200176A6176612E7574696C2E4C696E6B656448617368536574D86CD75A95DD2A1E020000787200116A6176612E7574696C2E48617368536574BA44859596B8B7340300007870770C000000103F4000000000000174000361707078017371007E0020770C000000103F40000000000000787371007E00173F40000000000000770800000010000000007870707371007E0020770C000000103F40000000000000787371007E0020770C000000103F40000000000000787372004F6F72672E737072696E676672616D65776F726B2E73656375726974792E61757468656E7469636174696F6E2E557365726E616D6550617373776F726441757468656E7469636174696F6E546F6B656E00000000000001FE0200024C000B63726564656E7469616C7371007E00054C00097072696E636970616C71007E00057871007E0003017372001F6A6176612E7574696C2E436F6C6C656374696F6E7324456D7074794C6973747AB817B43CA79EDE0200007870737200176A6176612E7574696C2E4C696E6B6564486173684D617034C04E5C106CC0FB0200015A000B6163636573734F726465727871007E00173F400000000000067708000000080000000271007E001971007E001A71007E001B71007E001C78007073720023636F6D2E7279756E746563682E736161732E6170692E6D6F64656C2E537973557365723326971847E677E102000B4C000B617574686F72697469657371007E00084C000661766174617271007E000F4C000A63726561746554696D657400104C6A6176612F7574696C2F446174653B4C0002696471007E000F4C000870617373776F726471007E000F4C00057065726D7371007E00114C000570686F6E6571007E000F4C0008726F6C654C69737471007E00084C0005726F6C657371007E00114C00047276616C71007E000F4C0008757365726E616D6571007E000F78720023636F6D2E7279756E746563682E636F6D6D6F6E2E6D6F64656C2E426173654D6F64656C667DFE605B7856400200014C000870726F706572747971007E000E78707371007E002B3F400000000000007708000000100000000078007074002A687474703A2F2F3132372E302E302E313A343130302F75706C6F61642F3131313638393734302E706E677372000E6A6176612E7574696C2E44617465686A81014B597419030000787077080000016ADEE70050787400133130303237343830313731373935343135303574003C24326124313024764B6F646B70416A58723372565A465839674F32456555354E37634C702E306D7571355336745361693454695669444F616C72634B7371007E0020770C000000103F400000000000007874000B31383531383231353838337371007E000B00000000770400000000787371007E0020770C000000103F4000000000000078707400087279756E74656368, NULL);
INSERT INTO `oauth_access_token` VALUES ('f37a06b4a4b7e697011f916dc83ed2e4', 0xACED0005737200436F72672E737072696E676672616D65776F726B2E73656375726974792E6F61757468322E636F6D6D6F6E2E44656661756C744F4175746832416363657373546F6B656E0CB29E361B24FACE0200064C00156164646974696F6E616C496E666F726D6174696F6E74000F4C6A6176612F7574696C2F4D61703B4C000A65787069726174696F6E7400104C6A6176612F7574696C2F446174653B4C000C72656672657368546F6B656E74003F4C6F72672F737072696E676672616D65776F726B2F73656375726974792F6F61757468322F636F6D6D6F6E2F4F417574683252656672657368546F6B656E3B4C000573636F706574000F4C6A6176612F7574696C2F5365743B4C0009746F6B656E547970657400124C6A6176612F6C616E672F537472696E673B4C000576616C756571007E000578707372001E6A6176612E7574696C2E436F6C6C656374696F6E7324456D7074794D6170593614855ADCE7D002000078707372000E6A6176612E7574696C2E44617465686A81014B597419030000787077080000016D3BCFEAC17870737200256A6176612E7574696C2E436F6C6C656374696F6E7324556E6D6F6469666961626C65536574801D92D18F9B80550200007872002C6A6176612E7574696C2E436F6C6C656374696F6E7324556E6D6F6469666961626C65436F6C6C656374696F6E19420080CB5EF71E0200014C0001637400164C6A6176612F7574696C2F436F6C6C656374696F6E3B7870737200176A6176612E7574696C2E4C696E6B656448617368536574D86CD75A95DD2A1E020000787200116A6176612E7574696C2E48617368536574BA44859596B8B7340300007870770C000000103F400000000000017400036170707874000662656172657274002466383032336636302D366134312D343532342D626537332D613834656465643766366566, '8502edc3f4c61f1000b1932e6a3756f1', 'admin', 'client', 0xACED0005737200416F72672E737072696E676672616D65776F726B2E73656375726974792E6F61757468322E70726F76696465722E4F417574683241757468656E7469636174696F6EBD400B02166252130200024C000D73746F7265645265717565737474003C4C6F72672F737072696E676672616D65776F726B2F73656375726974792F6F61757468322F70726F76696465722F4F4175746832526571756573743B4C00127573657241757468656E7469636174696F6E7400324C6F72672F737072696E676672616D65776F726B2F73656375726974792F636F72652F41757468656E7469636174696F6E3B787200476F72672E737072696E676672616D65776F726B2E73656375726974792E61757468656E7469636174696F6E2E416273747261637441757468656E7469636174696F6E546F6B656ED3AA287E6E47640E0200035A000D61757468656E746963617465644C000B617574686F7269746965737400164C6A6176612F7574696C2F436F6C6C656374696F6E3B4C000764657461696C737400124C6A6176612F6C616E672F4F626A6563743B787000737200266A6176612E7574696C2E436F6C6C656374696F6E7324556E6D6F6469666961626C654C697374FC0F2531B5EC8E100200014C00046C6973747400104C6A6176612F7574696C2F4C6973743B7872002C6A6176612E7574696C2E436F6C6C656374696F6E7324556E6D6F6469666961626C65436F6C6C656374696F6E19420080CB5EF71E0200014C00016371007E00047870737200136A6176612E7574696C2E41727261794C6973747881D21D99C7619D03000149000473697A657870000000007704000000007871007E000C707372003A6F72672E737072696E676672616D65776F726B2E73656375726974792E6F61757468322E70726F76696465722E4F41757468325265717565737400000000000000010200075A0008617070726F7665644C000B617574686F72697469657371007E00044C000A657874656E73696F6E7374000F4C6A6176612F7574696C2F4D61703B4C000B72656469726563745572697400124C6A6176612F6C616E672F537472696E673B4C00077265667265736874003B4C6F72672F737072696E676672616D65776F726B2F73656375726974792F6F61757468322F70726F76696465722F546F6B656E526571756573743B4C000B7265736F7572636549647374000F4C6A6176612F7574696C2F5365743B4C000D726573706F6E7365547970657371007E0011787200386F72672E737072696E676672616D65776F726B2E73656375726974792E6F61757468322E70726F76696465722E426173655265717565737436287A3EA37169BD0200034C0008636C69656E74496471007E000F4C001172657175657374506172616D657465727371007E000E4C000573636F706571007E00117870740006636C69656E74737200256A6176612E7574696C2E436F6C6C656374696F6E7324556E6D6F6469666961626C654D6170F1A5A8FE74F507420200014C00016D71007E000E7870737200116A6176612E7574696C2E486173684D61700507DAC1C31660D103000246000A6C6F6164466163746F724900097468726573686F6C6478703F400000000000037708000000040000000274000A6772616E745F7479706574000870617373776F7264740008757365726E616D6574000561646D696E78737200256A6176612E7574696C2E436F6C6C656374696F6E7324556E6D6F6469666961626C65536574801D92D18F9B80550200007871007E0009737200176A6176612E7574696C2E4C696E6B656448617368536574D86CD75A95DD2A1E020000787200116A6176612E7574696C2E48617368536574BA44859596B8B7340300007870770C000000103F4000000000000174000361707078017371007E0020770C000000103F40000000000000787371007E00173F40000000000000770800000010000000007870707371007E0020770C000000103F40000000000000787371007E0020770C000000103F40000000000000787372004F6F72672E737072696E676672616D65776F726B2E73656375726974792E61757468656E7469636174696F6E2E557365726E616D6550617373776F726441757468656E7469636174696F6E546F6B656E00000000000001FE0200024C000B63726564656E7469616C7371007E00054C00097072696E636970616C71007E00057871007E0003017372001F6A6176612E7574696C2E436F6C6C656374696F6E7324456D7074794C6973747AB817B43CA79EDE0200007870737200176A6176612E7574696C2E4C696E6B6564486173684D617034C04E5C106CC0FB0200015A000B6163636573734F726465727871007E00173F400000000000067708000000080000000271007E001971007E001A71007E001B71007E001C78007073720023636F6D2E7279756E746563682E736161732E6170692E6D6F64656C2E537973557365723326971847E677E102000B4C000B617574686F72697469657371007E00084C000661766174617271007E000F4C000A63726561746554696D657400104C6A6176612F7574696C2F446174653B4C0002696471007E000F4C000870617373776F726471007E000F4C00057065726D7371007E00114C000570686F6E6571007E000F4C0008726F6C654C69737471007E00084C0005726F6C657371007E00114C00047276616C71007E000F4C0008757365726E616D6571007E000F78720023636F6D2E7279756E746563682E636F6D6D6F6E2E6D6F64656C2E426173654D6F64656C667DFE605B7856400200014C000870726F706572747971007E000E78707371007E002B3F400000000000007708000000100000000078007074002A687474703A2F2F3132372E302E302E313A343130302F75706C6F61642F3131313638393734302E706E677372000E6A6176612E7574696C2E44617465686A81014B597419030000787077080000016AE83CE0E87874001239383631373739323330393838303833323274003C243261243130247A56416630326E672E5978474B313446385269712F754C734E4C412E74555962763551545070514E6E7844666E454558573075704B7371007E0020770C000000103F400000000000007874000B31383531383231353838367371007E000B00000000770400000000787371007E0020770C000000103F40000000000000787074000561646D696E, NULL);
INSERT INTO `oauth_access_token` VALUES ('9c1a33b863c61b158c0391012528cbb1', 0xACED0005737200436F72672E737072696E676672616D65776F726B2E73656375726974792E6F61757468322E636F6D6D6F6E2E44656661756C744F4175746832416363657373546F6B656E0CB29E361B24FACE0200064C00156164646974696F6E616C496E666F726D6174696F6E74000F4C6A6176612F7574696C2F4D61703B4C000A65787069726174696F6E7400104C6A6176612F7574696C2F446174653B4C000C72656672657368546F6B656E74003F4C6F72672F737072696E676672616D65776F726B2F73656375726974792F6F61757468322F636F6D6D6F6E2F4F417574683252656672657368546F6B656E3B4C000573636F706574000F4C6A6176612F7574696C2F5365743B4C0009746F6B656E547970657400124C6A6176612F6C616E672F537472696E673B4C000576616C756571007E000578707372001E6A6176612E7574696C2E436F6C6C656374696F6E7324456D7074794D6170593614855ADCE7D002000078707372000E6A6176612E7574696C2E44617465686A81014B597419030000787077080000016D0D539B797870737200256A6176612E7574696C2E436F6C6C656374696F6E7324556E6D6F6469666961626C65536574801D92D18F9B80550200007872002C6A6176612E7574696C2E436F6C6C656374696F6E7324556E6D6F6469666961626C65436F6C6C656374696F6E19420080CB5EF71E0200014C0001637400164C6A6176612F7574696C2F436F6C6C656374696F6E3B7870737200176A6176612E7574696C2E4C696E6B656448617368536574D86CD75A95DD2A1E020000787200116A6176612E7574696C2E48617368536574BA44859596B8B7340300007870770C000000023F400000000000017400036170707874000662656172657274002466313534646666382D396465342D346138642D626262642D386364383039646532383935, 'c6757e6dd3fd566e44b58adaca50da0d', 'tycoding', 'client', 0xACED0005737200416F72672E737072696E676672616D65776F726B2E73656375726974792E6F61757468322E70726F76696465722E4F417574683241757468656E7469636174696F6EBD400B02166252130200024C000D73746F7265645265717565737474003C4C6F72672F737072696E676672616D65776F726B2F73656375726974792F6F61757468322F70726F76696465722F4F4175746832526571756573743B4C00127573657241757468656E7469636174696F6E7400324C6F72672F737072696E676672616D65776F726B2F73656375726974792F636F72652F41757468656E7469636174696F6E3B787200476F72672E737072696E676672616D65776F726B2E73656375726974792E61757468656E7469636174696F6E2E416273747261637441757468656E7469636174696F6E546F6B656ED3AA287E6E47640E0200035A000D61757468656E746963617465644C000B617574686F7269746965737400164C6A6176612F7574696C2F436F6C6C656374696F6E3B4C000764657461696C737400124C6A6176612F6C616E672F4F626A6563743B787000737200266A6176612E7574696C2E436F6C6C656374696F6E7324556E6D6F6469666961626C654C697374FC0F2531B5EC8E100200014C00046C6973747400104C6A6176612F7574696C2F4C6973743B7872002C6A6176612E7574696C2E436F6C6C656374696F6E7324556E6D6F6469666961626C65436F6C6C656374696F6E19420080CB5EF71E0200014C00016371007E00047870737200136A6176612E7574696C2E41727261794C6973747881D21D99C7619D03000149000473697A65787000000001770400000001737200426F72672E737072696E676672616D65776F726B2E73656375726974792E636F72652E617574686F726974792E53696D706C654772616E746564417574686F7269747900000000000001FE0200014C0004726F6C657400124C6A6176612F6C616E672F537472696E673B787074000541444D494E7871007E000C707372003A6F72672E737072696E676672616D65776F726B2E73656375726974792E6F61757468322E70726F76696465722E4F41757468325265717565737400000000000000010200075A0008617070726F7665644C000B617574686F72697469657371007E00044C000A657874656E73696F6E7374000F4C6A6176612F7574696C2F4D61703B4C000B726564697265637455726971007E000E4C00077265667265736874003B4C6F72672F737072696E676672616D65776F726B2F73656375726974792F6F61757468322F70726F76696465722F546F6B656E526571756573743B4C000B7265736F7572636549647374000F4C6A6176612F7574696C2F5365743B4C000D726573706F6E7365547970657371007E0014787200386F72672E737072696E676672616D65776F726B2E73656375726974792E6F61757468322E70726F76696465722E426173655265717565737436287A3EA37169BD0200034C0008636C69656E74496471007E000E4C001172657175657374506172616D657465727371007E00124C000573636F706571007E00147870740006636C69656E74737200256A6176612E7574696C2E436F6C6C656374696F6E7324556E6D6F6469666961626C654D6170F1A5A8FE74F507420200014C00016D71007E00127870737200116A6176612E7574696C2E486173684D61700507DAC1C31660D103000246000A6C6F6164466163746F724900097468726573686F6C6478703F400000000000037708000000040000000274000A6772616E745F7479706574000870617373776F7264740008757365726E616D657400087479636F64696E6778737200256A6176612E7574696C2E436F6C6C656374696F6E7324556E6D6F6469666961626C65536574801D92D18F9B80550200007871007E0009737200176A6176612E7574696C2E4C696E6B656448617368536574D86CD75A95DD2A1E020000787200116A6176612E7574696C2E48617368536574BA44859596B8B7340300007870770C000000103F4000000000000174000361707078017371007E0023770C000000103F40000000000000787371007E001A3F40000000000000770800000010000000007870707371007E0023770C000000103F40000000000000787371007E0023770C000000103F40000000000000787372004F6F72672E737072696E676672616D65776F726B2E73656375726974792E61757468656E7469636174696F6E2E557365726E616D6550617373776F726441757468656E7469636174696F6E546F6B656E00000000000001FE0200024C000B63726564656E7469616C7371007E00054C00097072696E636970616C71007E00057871007E0003017371007E00077371007E000B0000000177040000000171007E000F7871007E002D737200176A6176612E7574696C2E4C696E6B6564486173684D617034C04E5C106CC0FB0200015A000B6163636573734F726465727871007E001A3F400000000000067708000000080000000271007E001C71007E001D71007E001E71007E001F78007073720025636F6D2E7279756E746563682E61646D696E2E6170692E636F6E6669672E53637455736572A5F9743CE788CD540200014C000269647400104C6A6176612F6C616E672F4C6F6E673B787200326F72672E737072696E676672616D65776F726B2E73656375726974792E636F72652E7573657264657461696C732E5573657200000000000001FE0200075A00116163636F756E744E6F6E457870697265645A00106163636F756E744E6F6E4C6F636B65645A001563726564656E7469616C734E6F6E457870697265645A0007656E61626C65644C000B617574686F72697469657371007E00144C000870617373776F726471007E000E4C0008757365726E616D6571007E000E7870010101017371007E0020737200116A6176612E7574696C2E54726565536574DD98509395ED875B0300007870737200466F72672E737072696E676672616D65776F726B2E73656375726974792E636F72652E7573657264657461696C732E5573657224417574686F72697479436F6D70617261746F7200000000000001FE020000787077040000000171007E000F78707400087479636F64696E677372000E6A6176612E6C616E672E4C6F6E673B8BE490CC8F23DF0200014A000576616C7565787200106A6176612E6C616E672E4E756D62657286AC951D0B94E08B02000078700000000000000001, NULL);

-- ----------------------------
-- Table structure for oauth_approvals
-- ----------------------------
DROP TABLE IF EXISTS `oauth_approvals`;
CREATE TABLE `oauth_approvals`  (
  `userId` varchar(256) CHARACTER SET utf8 COLLATE utf8_general_ci NULL DEFAULT NULL,
  `clientId` varchar(256) CHARACTER SET utf8 COLLATE utf8_general_ci NULL DEFAULT NULL,
  `scope` varchar(256) CHARACTER SET utf8 COLLATE utf8_general_ci NULL DEFAULT NULL,
  `status` varchar(10) CHARACTER SET utf8 COLLATE utf8_general_ci NULL DEFAULT NULL,
  `expiresAt` timestamp(0) NULL DEFAULT NULL,
  `lastModifiedAt` timestamp(0) NULL DEFAULT NULL
) ENGINE = InnoDB CHARACTER SET = utf8 COLLATE = utf8_general_ci ROW_FORMAT = Dynamic;

-- ----------------------------
-- Table structure for oauth_client_details
-- ----------------------------
DROP TABLE IF EXISTS `oauth_client_details`;
CREATE TABLE `oauth_client_details`  (
  `client_id` varchar(256) CHARACTER SET utf8 COLLATE utf8_general_ci NOT NULL,
  `resource_ids` varchar(256) CHARACTER SET utf8 COLLATE utf8_general_ci NULL DEFAULT NULL,
  `client_secret` varchar(256) CHARACTER SET utf8 COLLATE utf8_general_ci NULL DEFAULT NULL,
  `scope` varchar(256) CHARACTER SET utf8 COLLATE utf8_general_ci NULL DEFAULT NULL,
  `authorized_grant_types` varchar(256) CHARACTER SET utf8 COLLATE utf8_general_ci NULL DEFAULT NULL,
  `web_server_redirect_uri` varchar(256) CHARACTER SET utf8 COLLATE utf8_general_ci NULL DEFAULT NULL,
  `authorities` varchar(256) CHARACTER SET utf8 COLLATE utf8_general_ci NULL DEFAULT NULL,
  `access_token_validity` int(11) NULL DEFAULT NULL,
  `refresh_token_validity` int(11) NULL DEFAULT NULL,
  `additional_information` varchar(4096) CHARACTER SET utf8 COLLATE utf8_general_ci NULL DEFAULT NULL,
  `autoapprove` varchar(256) CHARACTER SET utf8 COLLATE utf8_general_ci NULL DEFAULT NULL,
  PRIMARY KEY (`client_id`) USING BTREE
) ENGINE = InnoDB CHARACTER SET = utf8 COLLATE = utf8_general_ci ROW_FORMAT = Dynamic;

-- ----------------------------
-- Records of oauth_client_details
-- ----------------------------
INSERT INTO `oauth_client_details` VALUES ('client', NULL, '$2a$10$22emI3a6/w3a4ZZIa0.pY.dvLsyx4GH.he37wULtW8nJ.TeiGUpC6', 'app', 'password', 'http://ryuntech.com', NULL, NULL, NULL, NULL, NULL);

-- ----------------------------
-- Table structure for oauth_client_token
-- ----------------------------
DROP TABLE IF EXISTS `oauth_client_token`;
CREATE TABLE `oauth_client_token`  (
  `token_id` varchar(256) CHARACTER SET utf8 COLLATE utf8_general_ci NULL DEFAULT NULL,
  `token` blob NULL,
  `authentication_id` varchar(256) CHARACTER SET utf8 COLLATE utf8_general_ci NOT NULL,
  `user_name` varchar(256) CHARACTER SET utf8 COLLATE utf8_general_ci NULL DEFAULT NULL,
  `client_id` varchar(256) CHARACTER SET utf8 COLLATE utf8_general_ci NULL DEFAULT NULL,
  PRIMARY KEY (`authentication_id`) USING BTREE
) ENGINE = InnoDB CHARACTER SET = utf8 COLLATE = utf8_general_ci ROW_FORMAT = Dynamic;

-- ----------------------------
-- Table structure for oauth_code
-- ----------------------------
DROP TABLE IF EXISTS `oauth_code`;
CREATE TABLE `oauth_code`  (
  `code` varchar(256) CHARACTER SET utf8 COLLATE utf8_general_ci NULL DEFAULT NULL,
  `authentication` blob NULL
) ENGINE = InnoDB CHARACTER SET = utf8 COLLATE = utf8_general_ci ROW_FORMAT = Dynamic;

-- ----------------------------
-- Table structure for oauth_refresh_token
-- ----------------------------
DROP TABLE IF EXISTS `oauth_refresh_token`;
CREATE TABLE `oauth_refresh_token`  (
  `token_id` varchar(256) CHARACTER SET utf8 COLLATE utf8_general_ci NULL DEFAULT NULL,
  `token` blob NULL,
  `authentication` blob NULL
) ENGINE = InnoDB CHARACTER SET = utf8 COLLATE = utf8_general_ci ROW_FORMAT = Dynamic;

-- ----------------------------
-- Table structure for ryn_address
-- ----------------------------
DROP TABLE IF EXISTS `ryn_address`;
CREATE TABLE `ryn_address`  (
  `ID` varchar(16) CHARACTER SET utf8 COLLATE utf8_general_ci NOT NULL COMMENT '地址id',
  `NAME` varchar(100) CHARACTER SET utf8 COLLATE utf8_general_ci NULL DEFAULT NULL COMMENT '地址文本',
  `PID` varchar(16) CHARACTER SET utf8 COLLATE utf8_general_ci NULL DEFAULT NULL COMMENT '父级地址id',
  `ARRPARENTID` varchar(255) CHARACTER SET utf8 COLLATE utf8_general_ci NULL DEFAULT NULL COMMENT '父管辖范围地址编号',
  `CHILD` varchar(10) CHARACTER SET utf8 COLLATE utf8_general_ci NULL DEFAULT NULL,
  `ARRCHILDID` varchar(2000) CHARACTER SET utf8 COLLATE utf8_general_ci NULL DEFAULT NULL COMMENT '管辖范围地址编号',
  `LISTORDER` varchar(10) CHARACTER SET utf8 COLLATE utf8_general_ci NULL DEFAULT NULL,
  `STATUS` varchar(10) CHARACTER SET utf8 COLLATE utf8_general_ci NULL DEFAULT NULL COMMENT '增加状态 0:不可用 ，1 可用',
  `AREA_SPELL` varchar(150) CHARACTER SET utf8 COLLATE utf8_general_ci NULL DEFAULT NULL,
  `AREA_FLAG` varchar(10) CHARACTER SET utf8 COLLATE utf8_general_ci NULL DEFAULT NULL,
  `ZIP` varchar(6) CHARACTER SET utf8 COLLATE utf8_general_ci NULL DEFAULT NULL COMMENT '地址邮编',
  PRIMARY KEY (`ID`) USING BTREE
) ENGINE = InnoDB CHARACTER SET = utf8 COLLATE = utf8_general_ci ROW_FORMAT = Dynamic;

-- ----------------------------
-- Table structure for ryn_attachment
-- ----------------------------
DROP TABLE IF EXISTS `ryn_attachment`;
CREATE TABLE `ryn_attachment`  (
  `ID` varchar(64) CHARACTER SET utf8mb4 COLLATE utf8mb4_bin NOT NULL COMMENT '附件主键',
  `ATTACHMENT_CODE` varchar(64) CHARACTER SET utf8mb4 COLLATE utf8mb4_bin NOT NULL COMMENT '附件编码',
  `ATTACHMENT_URL` varchar(255) CHARACTER SET utf8mb4 COLLATE utf8mb4_bin NOT NULL COMMENT '附件地址',
  `ATTACHMENT_TYPE` varchar(4) CHARACTER SET utf8mb4 COLLATE utf8mb4_bin NOT NULL COMMENT '附件类型',
  `STATUS` varchar(4) CHARACTER SET utf8mb4 COLLATE utf8mb4_bin NOT NULL COMMENT '附件状态(0未启用1已启用)',
  `UPDATED_AT` timestamp(0) NOT NULL DEFAULT CURRENT_TIMESTAMP(0) ON UPDATE CURRENT_TIMESTAMP(0) COMMENT '最后更新时间',
  `CREATED_AT` timestamp(0) NOT NULL COMMENT '创建时间',
  PRIMARY KEY (`ID`) USING BTREE
) ENGINE = InnoDB CHARACTER SET = utf8mb4 COLLATE = utf8mb4_bin COMMENT = '附件表' ROW_FORMAT = Dynamic;

-- ----------------------------
-- Records of ryn_attachment
-- ----------------------------
INSERT INTO `ryn_attachment` VALUES ('749004568095883265', '749004568095883264', 'http://tmp/touristappid.o6zAJs5cFv6FMKJNBfwmNcSRVvVg.CKtYDUtEZGKLca0c473ae949ac3db2657a0512e95e0a.png', '1', '1', '2019-10-31 10:18:22', '2019-10-31 10:18:22');
INSERT INTO `ryn_attachment` VALUES ('749006741223505923', '749006741223505922', 'http://tmp/touristappid.o6zAJs5cFv6FMKJNBfwmNcSRVvVg.oqoVgUL1a3Drca0c473ae949ac3db2657a0512e95e0a.png', '1', '1', '2019-10-31 10:22:41', '2019-10-31 10:22:41');
INSERT INTO `ryn_attachment` VALUES ('749893773353287682', '749893773353287681', 'http://tmp/wx3419b4f3c97a90ad.o6zAJs8JVgFqHjzyu2Htlqq1KrdU.rPTdKhFbS0Fa3bffdce9155e2f8796a7d9ab907a0239.png', '1', '1', '2019-11-01 15:45:04', '2019-11-01 15:45:04');
INSERT INTO `ryn_attachment` VALUES ('749893773378453504', '749893773353287681', 'http://tmp/wx3419b4f3c97a90ad.o6zAJs8JVgFqHjzyu2Htlqq1KrdU.Xx2Xc0k38RKq8bf64e6545f4a1d4c720b344fc8d7976.png', '1', '1', '2019-11-01 15:45:04', '2019-11-01 15:45:04');
INSERT INTO `ryn_attachment` VALUES ('749893773378453505', '749893773353287681', 'http://tmp/wx3419b4f3c97a90ad.o6zAJs8JVgFqHjzyu2Htlqq1KrdU.YgsuzN3EwLPQ3bffdce9155e2f8796a7d9ab907a0239.png', '1', '1', '2019-11-01 15:45:04', '2019-11-01 15:45:04');
INSERT INTO `ryn_attachment` VALUES ('749893773378453506', '749893773353287681', 'http://tmp/wx3419b4f3c97a90ad.o6zAJs8JVgFqHjzyu2Htlqq1KrdU.wzs6NGslXUY63bffdce9155e2f8796a7d9ab907a0239.png', '1', '1', '2019-11-01 15:45:04', '2019-11-01 15:45:04');
INSERT INTO `ryn_attachment` VALUES ('749893773378453507', '749893773353287681', 'http://tmp/wx3419b4f3c97a90ad.o6zAJs8JVgFqHjzyu2Htlqq1KrdU.Vitc6UATtB8R8bf64e6545f4a1d4c720b344fc8d7976.png', '1', '1', '2019-11-01 15:45:04', '2019-11-01 15:45:04');
INSERT INTO `ryn_attachment` VALUES ('749893773378453508', '749893773353287681', 'http://tmp/wx3419b4f3c97a90ad.o6zAJs8JVgFqHjzyu2Htlqq1KrdU.kiEI4ip5Dsj18bf64e6545f4a1d4c720b344fc8d7976.png', '1', '1', '2019-11-01 15:45:04', '2019-11-01 15:45:04');
INSERT INTO `ryn_attachment` VALUES ('749893773378453509', '749893773353287681', 'http://tmp/wx3419b4f3c97a90ad.o6zAJs8JVgFqHjzyu2Htlqq1KrdU.GILKl243xjXL3bffdce9155e2f8796a7d9ab907a0239.png', '1', '1', '2019-11-01 15:45:04', '2019-11-01 15:45:04');
INSERT INTO `ryn_attachment` VALUES ('749893773378453510', '749893773353287681', 'http://tmp/wx3419b4f3c97a90ad.o6zAJs8JVgFqHjzyu2Htlqq1KrdU.tOCA2ItgMbRg8bf64e6545f4a1d4c720b344fc8d7976.png', '1', '1', '2019-11-01 15:45:04', '2019-11-01 15:45:04');
INSERT INTO `ryn_attachment` VALUES ('749893773378453511', '749893773353287681', 'http://tmp/wx3419b4f3c97a90ad.o6zAJs8JVgFqHjzyu2Htlqq1KrdU.WN009e97lN3Q8bf64e6545f4a1d4c720b344fc8d7976.png', '1', '1', '2019-11-01 15:45:04', '2019-11-01 15:45:04');
INSERT INTO `ryn_attachment` VALUES ('749893773378453512', '749893773353287681', 'http://tmp/wx3419b4f3c97a90ad.o6zAJs8JVgFqHjzyu2Htlqq1KrdU.9c9LDA7SSCFx3bffdce9155e2f8796a7d9ab907a0239.png', '1', '1', '2019-11-01 15:45:04', '2019-11-01 15:45:04');
INSERT INTO `ryn_attachment` VALUES ('749893773378453513', '749893773353287681', 'http://tmp/wx3419b4f3c97a90ad.o6zAJs8JVgFqHjzyu2Htlqq1KrdU.wKmtdSwGFDej3bffdce9155e2f8796a7d9ab907a0239.png', '1', '1', '2019-11-01 15:45:04', '2019-11-01 15:45:04');
INSERT INTO `ryn_attachment` VALUES ('749893773378453514', '749893773353287681', 'http://tmp/wx3419b4f3c97a90ad.o6zAJs8JVgFqHjzyu2Htlqq1KrdU.NSUxk2JqvRgn3bffdce9155e2f8796a7d9ab907a0239.png', '1', '1', '2019-11-01 15:45:04', '2019-11-01 15:45:04');
INSERT INTO `ryn_attachment` VALUES ('749907838171611141', '749907838171611140', 'http://tmp/wx3419b4f3c97a90ad.o6zAJs8JVgFqHjzyu2Htlqq1KrdU.DqJ2pTgZShTI8bf64e6545f4a1d4c720b344fc8d7976.png', '1', '1', '2019-11-01 16:13:01', '2019-11-01 16:13:01');
INSERT INTO `ryn_attachment` VALUES ('749907838179999744', '749907838171611140', 'http://tmp/wx3419b4f3c97a90ad.o6zAJs8JVgFqHjzyu2Htlqq1KrdU.zzoObRykb5Nv3bffdce9155e2f8796a7d9ab907a0239.png', '1', '1', '2019-11-01 16:13:01', '2019-11-01 16:13:01');
INSERT INTO `ryn_attachment` VALUES ('754932067887742977', '754932067887742976', 'http://wx.ryuntech.com/upload/147632368.png', '1', '1', '2019-11-08 14:35:15', '2019-11-08 14:35:15');
INSERT INTO `ryn_attachment` VALUES ('754946329251151873', '754946329251151872', 'http://wx.ryuntech.com/upload/109122800.png', '1', '1', '2019-11-08 15:03:36', '2019-11-08 15:03:36');
INSERT INTO `ryn_attachment` VALUES ('754946329251151874', '754946329251151872', 'http://wx.ryuntech.com/upload/190221404.png', '1', '1', '2019-11-08 15:03:36', '2019-11-08 15:03:36');

-- ----------------------------
-- Table structure for ryn_company
-- ----------------------------
DROP TABLE IF EXISTS `ryn_company`;
CREATE TABLE `ryn_company`  (
  `company_id` varchar(64) CHARACTER SET utf8mb4 COLLATE utf8mb4_bin NOT NULL COMMENT '主键',
  `name` varchar(127) CHARACTER SET utf8mb4 COLLATE utf8mb4_unicode_ci NOT NULL DEFAULT '' COMMENT '公司名称',
  `logo` varchar(127) CHARACTER SET utf8mb4 COLLATE utf8mb4_unicode_ci NOT NULL DEFAULT '' COMMENT '公司logo',
  `industry_type` tinyint(1) NOT NULL DEFAULT 0 COMMENT '行业类别ID',
  `province_id` int(11) NOT NULL DEFAULT 0 COMMENT '省ID',
  `city_id` int(11) NOT NULL DEFAULT 0 COMMENT '城市ID',
  `district_id` int(11) NOT NULL DEFAULT 0 COMMENT '区ID',
  `address` varchar(255) CHARACTER SET utf8mb4 COLLATE utf8mb4_unicode_ci NOT NULL DEFAULT '' COMMENT '详细地址',
  `postal_code` varchar(10) CHARACTER SET utf8mb4 COLLATE utf8mb4_unicode_ci NOT NULL DEFAULT '' COMMENT '邮编',
  `tel` varchar(11) CHARACTER SET utf8mb4 COLLATE utf8mb4_unicode_ci NOT NULL DEFAULT '' COMMENT '电话',
  `fax` varchar(50) CHARACTER SET utf8mb4 COLLATE utf8mb4_unicode_ci NOT NULL DEFAULT '' COMMENT '传真',
  `contactor` varchar(64) CHARACTER SET utf8mb4 COLLATE utf8mb4_unicode_ci NOT NULL DEFAULT '' COMMENT '联系人',
  `employee_id` varchar(64) CHARACTER SET utf8mb4 COLLATE utf8mb4_bin NOT NULL COMMENT '负责人员工ID',
  `position` varchar(64) CHARACTER SET utf8mb4 COLLATE utf8mb4_unicode_ci NOT NULL DEFAULT '' COMMENT '职位',
  `phone` varchar(11) CHARACTER SET utf8mb4 COLLATE utf8mb4_unicode_ci NOT NULL DEFAULT '' COMMENT '手机号',
  `qq` varchar(15) CHARACTER SET utf8mb4 COLLATE utf8mb4_unicode_ci NOT NULL DEFAULT '' COMMENT 'QQ',
  `email` varchar(127) CHARACTER SET utf8mb4 COLLATE utf8mb4_unicode_ci NOT NULL DEFAULT '' COMMENT '邮箱',
  `company_web` varchar(255) CHARACTER SET utf8mb4 COLLATE utf8mb4_unicode_ci NOT NULL DEFAULT '' COMMENT '公司网址',
  `company_introduce` varchar(255) CHARACTER SET utf8mb4 COLLATE utf8mb4_unicode_ci NOT NULL DEFAULT '' COMMENT '公司介绍',
  `taxpayer_identify_num` varchar(64) CHARACTER SET utf8mb4 COLLATE utf8mb4_unicode_ci NOT NULL DEFAULT '' COMMENT '纳税人识别号',
  `invoice_payable` varchar(127) CHARACTER SET utf8mb4 COLLATE utf8mb4_unicode_ci NOT NULL DEFAULT '' COMMENT '发票抬头',
  `invoice_address` varchar(255) CHARACTER SET utf8mb4 COLLATE utf8mb4_unicode_ci NOT NULL DEFAULT '' COMMENT '（发票）地址',
  `invoice_tel` varchar(20) CHARACTER SET utf8mb4 COLLATE utf8mb4_unicode_ci NOT NULL DEFAULT '' COMMENT '（发票）电话',
  `invoice_open_name` varchar(127) CHARACTER SET utf8mb4 COLLATE utf8mb4_unicode_ci NOT NULL DEFAULT '' COMMENT '（发票）开户名称',
  `invoice_open_bank` varchar(60) CHARACTER SET utf8mb4 COLLATE utf8mb4_unicode_ci NOT NULL DEFAULT '' COMMENT '（发票）开户银行',
  `invoice_bank_account` varchar(50) CHARACTER SET utf8mb4 COLLATE utf8mb4_unicode_ci NOT NULL DEFAULT '' COMMENT '（发票）银行账号',
  `hotline_tel` varchar(11) CHARACTER SET utf8mb4 COLLATE utf8mb4_unicode_ci NOT NULL DEFAULT '' COMMENT '服务热线',
  `is_del` tinyint(1) NOT NULL DEFAULT 0 COMMENT '是否删除：0否 1是',
  `updated_at` timestamp(0) NOT NULL DEFAULT CURRENT_TIMESTAMP(0) ON UPDATE CURRENT_TIMESTAMP(0) COMMENT '更新时间',
  `created_at` timestamp(0) NOT NULL COMMENT '创建时间',
  PRIMARY KEY (`company_id`) USING BTREE
) ENGINE = InnoDB CHARACTER SET = utf8mb4 COLLATE = utf8mb4_unicode_ci ROW_FORMAT = Dynamic;

-- ----------------------------
-- Records of ryn_company
-- ----------------------------
INSERT INTO `ryn_company` VALUES ('741750735594586112', '睿云科技', '', 0, 0, 0, 0, '', '', '', '', '', '741750704732897280', '', '', '', '', '', '', '', '', '', '', '', '', '', '', 0, '2019-10-21 10:06:20', '2019-10-21 10:06:19');
INSERT INTO `ryn_company` VALUES ('741762459597012992', '睿云科技1', '', 0, 0, 0, 0, '', '', '', '', '', '741762459462795264', '', '', '', '', '', '', '', '', '', '', '', '', '', '', 0, '2019-10-21 10:29:36', '2019-10-21 10:29:36');
INSERT INTO `ryn_company` VALUES ('741763263720587264', '睿云科技2', '', 0, 0, 0, 0, '', '', '', '', '', '741763263653478400', '', '', '', '', '', '', '', '', '', '', '', '', '', '', 0, '2019-10-21 10:31:12', '2019-10-21 10:31:12');
INSERT INTO `ryn_company` VALUES ('741764732440018944', '睿云科技3', '', 0, 0, 0, 0, '', '', '', '', '', '741764732339355648', '', '', '', '', '', '', '', '', '', '', '', '', '', '', 0, '2019-10-21 10:34:07', '2019-10-21 10:34:07');
INSERT INTO `ryn_company` VALUES ('748475028416233472', '蝙蝠科技', '', 0, 0, 0, 0, '', '', '', '', '', '748475028089077760', '', '', '', '', '', '', '', '', '', '', '', '', '', '', 0, '2019-10-30 16:46:16', '2019-10-30 16:46:16');
INSERT INTO `ryn_company` VALUES ('749875507385860096', '测试1号公司', '', 0, 0, 0, 0, '', '', '', '', '', '749875507142590464', '', '', '', '', '', '', '', '', '', '', '', '', '', '', 0, '2019-11-01 15:08:46', '2019-11-01 15:08:46');
INSERT INTO `ryn_company` VALUES ('755005188556718080', '云开科技2', '', 0, 0, 0, 0, '', '', '', '', '', '755005188045012992', '', '', '', '', '', '', '', '', '', '', '', '', '', '', 0, '2019-11-08 17:00:32', '2019-11-08 17:00:32');
INSERT INTO `ryn_company` VALUES ('755017059259121664', '法本科技', '', 0, 0, 0, 0, '', '', '', '', '', '755017058999074816', '', '', '', '', '', '', '', '', '', '', '', '', '', '', 0, '2019-11-08 17:24:07', '2019-11-08 17:24:07');

-- ----------------------------
-- Table structure for ryn_company_config
-- ----------------------------
DROP TABLE IF EXISTS `ryn_company_config`;
CREATE TABLE `ryn_company_config`  (
  `id` varchar(64) CHARACTER SET utf8mb4 COLLATE utf8mb4_bin NOT NULL COMMENT '主键',
  `company_id` varchar(64) CHARACTER SET utf8mb4 COLLATE utf8mb4_bin NOT NULL COMMENT '所属公司ID',
  `name` varchar(100) CHARACTER SET utf8mb4 COLLATE utf8mb4_unicode_ci NOT NULL DEFAULT '' COMMENT '配置名称',
  `value` varchar(500) CHARACTER SET utf8mb4 COLLATE utf8mb4_unicode_ci NOT NULL DEFAULT '' COMMENT '配置值',
  `updated_at` timestamp(0) NOT NULL DEFAULT CURRENT_TIMESTAMP(0) ON UPDATE CURRENT_TIMESTAMP(0) COMMENT '更新时间',
  `created_at` timestamp(0) NOT NULL COMMENT '创建时间',
  PRIMARY KEY (`id`) USING BTREE
) ENGINE = InnoDB CHARACTER SET = utf8mb4 COLLATE = utf8mb4_unicode_ci COMMENT = '公司系统设置表' ROW_FORMAT = Dynamic;

-- ----------------------------
-- Table structure for ryn_company_monitor
-- ----------------------------
DROP TABLE IF EXISTS `ryn_company_monitor`;
CREATE TABLE `ryn_company_monitor`  (
  `MONITOR_ID` varchar(64) CHARACTER SET utf8mb4 COLLATE utf8mb4_bin NOT NULL COMMENT '风险编号',
  `CUSTOMER_ID` varchar(64) CHARACTER SET utf8mb4 COLLATE utf8mb4_bin NULL DEFAULT NULL COMMENT '客户名称',
  `CUSTOMER_NAME` varchar(128) CHARACTER SET utf8mb4 COLLATE utf8mb4_bin NULL DEFAULT NULL COMMENT '客户名称',
  `CREATED` datetime(0) NULL DEFAULT NULL COMMENT '创建时间',
  `UPDATED` datetime(0) NULL DEFAULT NULL COMMENT '修改时间',
  PRIMARY KEY (`MONITOR_ID`) USING BTREE
) ENGINE = InnoDB CHARACTER SET = utf8mb4 COLLATE = utf8mb4_bin COMMENT = '风险监控表' ROW_FORMAT = Dynamic;

-- ----------------------------
-- Table structure for ryn_customer_risk
-- ----------------------------
DROP TABLE IF EXISTS `ryn_customer_risk`;
CREATE TABLE `ryn_customer_risk`  (
  `RISK_ID` varchar(64) CHARACTER SET utf8mb4 COLLATE utf8mb4_bin NOT NULL COMMENT '风险编号',
  `CUSTOMER_ID` varchar(64) CHARACTER SET utf8mb4 COLLATE utf8mb4_bin NULL DEFAULT NULL COMMENT '合同名称',
  `CUSTOMER_NAME` varchar(128) CHARACTER SET utf8mb4 COLLATE utf8mb4_bin NULL DEFAULT NULL COMMENT '客户名称',
  `RISK_TIME` datetime(0) NULL DEFAULT NULL COMMENT '风险时间',
  `CREATED` datetime(0) NULL DEFAULT NULL COMMENT '创建时间',
  `UPDATED` datetime(0) NULL DEFAULT NULL COMMENT '修改时间',
  `RISK_CONTENT` varchar(255) CHARACTER SET utf8mb4 COLLATE utf8mb4_bin NULL DEFAULT NULL COMMENT '风险内容',
  `RISK_CODE` varchar(32) CHARACTER SET utf8mb4 COLLATE utf8mb4_bin NULL DEFAULT NULL COMMENT '风险案号',
  `RISK_TYPE` varchar(4) CHARACTER SET utf8mb4 COLLATE utf8mb4_bin NULL DEFAULT NULL COMMENT '风险大类',
  `RISK_MTYPE` varchar(4) CHARACTER SET utf8mb4 COLLATE utf8mb4_bin NULL DEFAULT NULL COMMENT '风险小类',
  PRIMARY KEY (`RISK_ID`) USING BTREE
) ENGINE = InnoDB CHARACTER SET = utf8mb4 COLLATE = utf8mb4_bin COMMENT = '客户风险表' ROW_FORMAT = Dynamic;

-- ----------------------------
-- Table structure for ryn_customer_user_info
-- ----------------------------
DROP TABLE IF EXISTS `ryn_customer_user_info`;
CREATE TABLE `ryn_customer_user_info`  (
  `CUSTOMER_ID` varchar(64) CHARACTER SET utf8mb4 COLLATE utf8mb4_bin NOT NULL COMMENT '客户编号',
  `CUSTOMER_NAME` varchar(255) CHARACTER SET utf8mb4 COLLATE utf8mb4_bin NULL DEFAULT NULL COMMENT '客户姓名',
  `CONTACTS` varchar(255) CHARACTER SET utf8mb4 COLLATE utf8mb4_bin NULL DEFAULT NULL COMMENT '联系人',
  `CONTACTS_PHONE` varchar(32) CHARACTER SET utf8mb4 COLLATE utf8mb4_bin NULL DEFAULT NULL COMMENT '联系电话',
  `STAFF_ID` varchar(64) CHARACTER SET utf8mb4 COLLATE utf8mb4_bin NULL DEFAULT NULL COMMENT '负责员工编号',
  `STAFF_NAME` varchar(255) CHARACTER SET utf8mb4 COLLATE utf8mb4_bin NULL DEFAULT NULL COMMENT '负责员工姓名',
  `DEPARTMENT` varchar(255) CHARACTER SET utf8mb4 COLLATE utf8mb4_bin NULL DEFAULT NULL COMMENT '部门',
  `ADDRESS` varchar(255) CHARACTER SET utf8 COLLATE utf8_general_ci NULL DEFAULT NULL COMMENT '详细地址',
  `PROVINCE_ID` varchar(32) CHARACTER SET utf8mb4 COLLATE utf8mb4_bin NULL DEFAULT NULL COMMENT '省份ID',
  `CITY_ID` varchar(32) CHARACTER SET utf8mb4 COLLATE utf8mb4_bin NULL DEFAULT NULL COMMENT '城主ID',
  `DISTRICT_ID` varchar(32) CHARACTER SET utf8mb4 COLLATE utf8mb4_bin NULL DEFAULT NULL COMMENT '区ID',
  `COMPANY_ID` varchar(64) CHARACTER SET utf8mb4 COLLATE utf8mb4_bin NULL DEFAULT NULL COMMENT '公司编号',
  `COMPANY_NAME` varchar(255) CHARACTER SET utf8mb4 COLLATE utf8mb4_bin NULL DEFAULT NULL COMMENT '公司名称',
  PRIMARY KEY (`CUSTOMER_ID`) USING BTREE
) ENGINE = InnoDB CHARACTER SET = utf8mb4 COLLATE = utf8mb4_bin COMMENT = '客户信息表' ROW_FORMAT = Dynamic;

-- ----------------------------
-- Records of ryn_customer_user_info
-- ----------------------------
INSERT INTO `ryn_customer_user_info` VALUES ('744787700585857024', '瑞云科技', '高江', '18518215883', NULL, NULL, NULL, NULL, NULL, '深圳市', NULL, NULL, NULL);
INSERT INTO `ryn_customer_user_info` VALUES ('748477685524594688', '测试', '测试122', '15889456648', NULL, NULL, NULL, NULL, NULL, '深圳', NULL, NULL, NULL);
INSERT INTO `ryn_customer_user_info` VALUES ('749763378313953280', 'test', '宋宋', '13530261103', NULL, NULL, NULL, NULL, NULL, '深圳', NULL, NULL, NULL);
INSERT INTO `ryn_customer_user_info` VALUES ('754791566052163584', '测试客户', '高将', '18518215883', '741755295541231616', '员工2', NULL, '事实上', NULL, '1', NULL, NULL, NULL);

-- ----------------------------
-- Table structure for ryn_department
-- ----------------------------
DROP TABLE IF EXISTS `ryn_department`;
CREATE TABLE `ryn_department`  (
  `DEPARTMENT_ID` varchar(64) CHARACTER SET utf8 COLLATE utf8_general_ci NOT NULL,
  `COMPANY_ID` varchar(255) CHARACTER SET utf8 COLLATE utf8_general_ci NOT NULL COMMENT '所属公司ID',
  `DEPARTMENT_NAME` varchar(255) CHARACTER SET utf8 COLLATE utf8_general_ci NULL DEFAULT NULL COMMENT '部门名称',
  `LEVEL` varchar(4) CHARACTER SET utf8 COLLATE utf8_general_ci NULL DEFAULT NULL COMMENT '部门级别',
  `PID` varchar(64) CHARACTER SET utf8 COLLATE utf8_general_ci NULL DEFAULT NULL COMMENT '父级ID',
  `UPDATED_AT` timestamp(0) NOT NULL DEFAULT CURRENT_TIMESTAMP(0) ON UPDATE CURRENT_TIMESTAMP(0),
  `CREATED_AT` timestamp(0) NOT NULL,
  PRIMARY KEY (`DEPARTMENT_ID`) USING BTREE
) ENGINE = InnoDB CHARACTER SET = utf8 COLLATE = utf8_general_ci COMMENT = '公司部门表' ROW_FORMAT = Dynamic;

-- ----------------------------
-- Table structure for ryn_employee
-- ----------------------------
DROP TABLE IF EXISTS `ryn_employee`;
CREATE TABLE `ryn_employee`  (
  `EMPLOYEE_ID` varchar(64) CHARACTER SET utf8 COLLATE utf8_general_ci NOT NULL COMMENT '职工编号',
  `USER_ID` varchar(64) CHARACTER SET utf8 COLLATE utf8_general_ci NULL DEFAULT NULL COMMENT '用户编号',
  `NAME` varchar(255) CHARACTER SET utf8 COLLATE utf8_general_ci NULL DEFAULT NULL COMMENT '职工姓名',
  `COMPANY_ID` varchar(255) CHARACTER SET utf8 COLLATE utf8_general_ci NULL DEFAULT NULL COMMENT '公司编号',
  `DEPARTMENT_ID` varchar(64) CHARACTER SET utf8 COLLATE utf8_general_ci NOT NULL DEFAULT '' COMMENT '所属部门ID',
  `MOBILE` varchar(20) CHARACTER SET utf8 COLLATE utf8_general_ci NOT NULL DEFAULT '' COMMENT '手机号（和登录手机号相同）',
  `EMAIL` varchar(100) CHARACTER SET utf8 COLLATE utf8_general_ci NOT NULL DEFAULT '' COMMENT '邮箱',
  `STATUS` tinyint(4) NOT NULL DEFAULT 0 COMMENT '帐号状态 0-正常 1-禁用',
  `COMPANY_NAME` varchar(255) CHARACTER SET utf8 COLLATE utf8_general_ci NULL DEFAULT NULL COMMENT '公司姓名',
  `UPDATED_AT` timestamp(0) NOT NULL DEFAULT CURRENT_TIMESTAMP(0) ON UPDATE CURRENT_TIMESTAMP(0),
  `CREATED_AT` timestamp(0) NOT NULL,
  PRIMARY KEY (`EMPLOYEE_ID`) USING BTREE
) ENGINE = InnoDB CHARACTER SET = utf8 COLLATE = utf8_general_ci COMMENT = '公司职员表' ROW_FORMAT = Dynamic;

-- ----------------------------
-- Records of ryn_employee
-- ----------------------------
INSERT INTO `ryn_employee` VALUES ('739747569474732032', '739747569474732032', '员工1', '741750735594586112', '', '18518215883', '', 1, '睿云科技', '2019-10-30 19:16:49', '2019-10-21 10:06:16');
INSERT INTO `ryn_employee` VALUES ('741755295541231616', '739747569474732032', '员工2', '741762459597012992', '', '18518215883', '', 1, '睿云科技1', '2019-10-30 19:16:51', '2019-10-21 10:15:22');
INSERT INTO `ryn_employee` VALUES ('748475028089077760', '748475026721734656', '员工3', '748475028416233472', '', '18518215883', '', 1, '蝙蝠科技', '2019-10-31 17:59:21', '2019-10-30 16:46:16');
INSERT INTO `ryn_employee` VALUES ('749875507142590464', '749875506521833472', NULL, NULL, '', '18518215883', '', 1, '测试1号公司', '2019-11-01 15:08:46', '2019-11-01 15:08:46');
INSERT INTO `ryn_employee` VALUES ('755005188045012992', '755005186996436992', NULL, NULL, '', '18518215883', '', 1, '云开科技2', '2019-11-08 17:00:32', '2019-11-08 17:00:32');
INSERT INTO `ryn_employee` VALUES ('755017058999074816', '755017058655141888', NULL, NULL, '', '18618965582', '', 1, '法本科技', '2019-11-08 17:24:07', '2019-11-08 17:24:07');

-- ----------------------------
-- Table structure for ryn_employee_role
-- ----------------------------
DROP TABLE IF EXISTS `ryn_employee_role`;
CREATE TABLE `ryn_employee_role`  (
  `id` varchar(64) CHARACTER SET utf8mb4 COLLATE utf8mb4_unicode_ci NOT NULL DEFAULT '' COMMENT 'ID，自动增长',
  `employee_id` varchar(64) CHARACTER SET utf8mb4 COLLATE utf8mb4_unicode_ci NOT NULL DEFAULT '' COMMENT '职员ID',
  `role_id` varchar(25) CHARACTER SET utf8mb4 COLLATE utf8mb4_unicode_ci NOT NULL DEFAULT '0' COMMENT '角色ID',
  `updated_at` timestamp(0) NOT NULL DEFAULT CURRENT_TIMESTAMP(0) ON UPDATE CURRENT_TIMESTAMP(0) COMMENT '更新时间',
  `created_at` timestamp(0) NOT NULL COMMENT '创建时间',
  PRIMARY KEY (`id`) USING BTREE,
  INDEX `employee_id`(`employee_id`) USING BTREE
) ENGINE = InnoDB CHARACTER SET = utf8mb4 COLLATE = utf8mb4_unicode_ci COMMENT = '职员-角色关联表' ROW_FORMAT = Dynamic;

-- ----------------------------
-- Records of ryn_employee_role
-- ----------------------------
INSERT INTO `ryn_employee_role` VALUES ('', '741756021692694528', '741756021952741376', '2019-10-21 10:16:51', '2019-10-21 10:16:51');
INSERT INTO `ryn_employee_role` VALUES ('741750704732897281', '741750704732897280', '741750756180230144', '2019-10-21 10:18:29', '2019-10-21 10:06:24');
INSERT INTO `ryn_employee_role` VALUES ('741762470837747712', '741762459462795264', '741762459731230720', '2019-10-21 10:29:38', '2019-10-21 10:29:38');
INSERT INTO `ryn_employee_role` VALUES ('741763263829639168', '741763263653478400', '741763263770918912', '2019-10-21 10:31:12', '2019-10-21 10:31:12');
INSERT INTO `ryn_employee_role` VALUES ('741764732632956928', '741764732339355648', '741764732565848064', '2019-10-21 10:34:07', '2019-10-21 10:34:07');
INSERT INTO `ryn_employee_role` VALUES ('748475029104099328', '748475028089077760', '748475028726611968', '2019-10-30 16:46:16', '2019-10-30 16:46:16');
INSERT INTO `ryn_employee_role` VALUES ('749875508174389248', '749875507142590464', '749875507704627200', '2019-11-01 15:08:47', '2019-11-01 15:08:47');
INSERT INTO `ryn_employee_role` VALUES ('755005189454299136', '755005188045012992', '755005188992925696', '2019-11-08 17:00:32', '2019-11-08 17:00:32');
INSERT INTO `ryn_employee_role` VALUES ('755017059611443200', '755017058999074816', '755017059418505216', '2019-11-08 17:24:07', '2019-11-08 17:24:07');

-- ----------------------------
-- Table structure for ryn_feedback
-- ----------------------------
DROP TABLE IF EXISTS `ryn_feedback`;
CREATE TABLE `ryn_feedback`  (
  `FEEDBACK_ID` varchar(64) CHARACTER SET utf8mb4 COLLATE utf8mb4_bin NOT NULL COMMENT '反馈编号',
  `FEEDBACK_CONTENT` varchar(128) CHARACTER SET utf8mb4 COLLATE utf8mb4_bin NULL DEFAULT NULL COMMENT '反馈内容',
  `FEEDBACK_TYPE` varchar(64) CHARACTER SET utf8mb4 COLLATE utf8mb4_bin NULL DEFAULT NULL COMMENT '反馈类型',
  `ATTACHMENT_CODE` varchar(64) CHARACTER SET utf8mb4 COLLATE utf8mb4_bin NULL DEFAULT NULL COMMENT '附件编码',
  `UPDATED_AT` timestamp(0) NOT NULL DEFAULT CURRENT_TIMESTAMP(0) ON UPDATE CURRENT_TIMESTAMP(0) COMMENT '更新时间',
  `CREATED_AT` timestamp(0) NOT NULL COMMENT '创建时间',
  PRIMARY KEY (`FEEDBACK_ID`) USING BTREE
) ENGINE = InnoDB CHARACTER SET = utf8mb4 COLLATE = utf8mb4_bin COMMENT = '反馈信息表' ROW_FORMAT = Dynamic;

-- ----------------------------
-- Records of ryn_feedback
-- ----------------------------
INSERT INTO `ryn_feedback` VALUES ('759317002014687232', '反馈内容', '0', NULL, '2019-11-14 15:47:20', '2019-11-14 15:47:20');
INSERT INTO `ryn_feedback` VALUES ('759317272060755968', '反馈内容', '0', NULL, '2019-11-14 15:47:52', '2019-11-14 15:47:53');
INSERT INTO `ryn_feedback` VALUES ('759317293510426624', '反馈内容', '0', NULL, '2019-11-14 15:47:55', '2019-11-14 15:47:55');
INSERT INTO `ryn_feedback` VALUES ('759317434774585344', '反馈内容', '0', NULL, '2019-11-14 15:48:11', '2019-11-14 15:48:12');
INSERT INTO `ryn_feedback` VALUES ('759317892473815040', '反馈内容', '0', NULL, '2019-11-14 15:49:06', '2019-11-14 15:49:07');

-- ----------------------------
-- Table structure for ryn_finance_user_info
-- ----------------------------
DROP TABLE IF EXISTS `ryn_finance_user_info`;
CREATE TABLE `ryn_finance_user_info`  (
  `USERID` varchar(60) CHARACTER SET utf8 COLLATE utf8_general_ci NOT NULL COMMENT '主键，融资客户编号',
  `USER_LOGO` varchar(100) CHARACTER SET utf8 COLLATE utf8_general_ci NULL DEFAULT NULL COMMENT '头像',
  `USER_TYPE` varchar(10) CHARACTER SET utf8 COLLATE utf8_general_ci NULL DEFAULT NULL,
  `CREATE_TIME` datetime(0) NULL DEFAULT NULL COMMENT '类型',
  `MEMBER_BIRTHDAY` datetime(0) NULL DEFAULT NULL COMMENT '注册时间',
  `REAL_NAME` varchar(255) CHARACTER SET utf8 COLLATE utf8_general_ci NULL DEFAULT NULL COMMENT '生日(出生年月日)',
  `EMAIL` varchar(60) CHARACTER SET utf8 COLLATE utf8_general_ci NULL DEFAULT NULL COMMENT '真实姓名',
  `SEX` varchar(2) CHARACTER SET utf8 COLLATE utf8_general_ci NULL DEFAULT NULL COMMENT '邮箱',
  `MOBILE` varchar(40) CHARACTER SET utf8 COLLATE utf8_general_ci NULL DEFAULT NULL COMMENT '性别',
  `ADDRESS` varchar(215) CHARACTER SET utf8 COLLATE utf8_general_ci NULL DEFAULT NULL COMMENT '手机',
  `ID_TYPE_CODE` varchar(2) CHARACTER SET utf8 COLLATE utf8_general_ci NULL DEFAULT NULL COMMENT '地址',
  `ID_NUMBER` varchar(60) CHARACTER SET utf8 COLLATE utf8_general_ci NULL DEFAULT NULL COMMENT '证件类型',
  `PROVINCE` varchar(8) CHARACTER SET utf8 COLLATE utf8_general_ci NULL DEFAULT NULL COMMENT '身份证号',
  `CITY` varchar(8) CHARACTER SET utf8 COLLATE utf8_general_ci NULL DEFAULT NULL COMMENT '省',
  `IS_VISITED_MEMBER` varchar(2) CHARACTER SET utf8 COLLATE utf8_general_ci NULL DEFAULT NULL COMMENT '市',
  `REGISTER_CHANNELS` varchar(2) CHARACTER SET utf8 COLLATE utf8_general_ci NULL DEFAULT NULL COMMENT '是否邀请 0非1是',
  `REGISTER_WAY` varchar(2) CHARACTER SET utf8 COLLATE utf8_general_ci NULL DEFAULT NULL COMMENT '申请渠道 1-PC 2-h5 3-小程序 ',
  `REGISTER_AREA_NUMBER` varchar(255) CHARACTER SET utf8 COLLATE utf8_general_ci NULL DEFAULT NULL COMMENT '申请方式',
  `DETAIL_ADDRESS` varchar(255) CHARACTER SET utf8 COLLATE utf8_general_ci NULL DEFAULT NULL COMMENT '注册地区',
  `NICKNAME` varchar(100) CHARACTER SET utf8 COLLATE utf8_general_ci NULL DEFAULT NULL COMMENT '详细地址',
  `MODIFY_TIME` datetime(0) NULL DEFAULT NULL COMMENT '昵称',
  `REFEREE` varchar(20) CHARACTER SET utf8 COLLATE utf8_general_ci NULL DEFAULT NULL COMMENT '修改时间',
  `OCCUPATION` varchar(30) CHARACTER SET utf8 COLLATE utf8_general_ci NULL DEFAULT NULL COMMENT '推荐人编号',
  `IS_PARTENER_WORKER` varchar(2) CHARACTER SET utf8 COLLATE utf8_general_ci NULL DEFAULT NULL COMMENT '职业',
  `COMPANY_ADDRESS` varchar(200) CHARACTER SET utf8 COLLATE utf8_general_ci NULL DEFAULT NULL COMMENT '是否睿云员工 1是 0否',
  `COMPANY_NAME` varchar(100) CHARACTER SET utf8 COLLATE utf8_general_ci NULL DEFAULT NULL COMMENT '公司地址',
  `BUSSINESS_REGISTER` datetime(0) NULL DEFAULT NULL COMMENT '公司名称',
  `BUSSINESS_LICENSE` varchar(100) CHARACTER SET utf8 COLLATE utf8_general_ci NULL DEFAULT NULL COMMENT '营业执照注册时间',
  `PAY_TAXES` varchar(100) CHARACTER SET utf8 COLLATE utf8_general_ci NULL DEFAULT NULL COMMENT '营业执照编号',
  `ANNUAL_INVOICE` varchar(100) CHARACTER SET utf8 COLLATE utf8_general_ci NULL DEFAULT NULL COMMENT '纳税额度(每年)',
  `HOUSE_TYPE` varchar(2) CHARACTER SET utf8 COLLATE utf8_general_ci NULL DEFAULT NULL COMMENT '开发票(每年)',
  `HOUSE_ADDRESS_TYPE` varchar(2) CHARACTER SET utf8 COLLATE utf8_general_ci NULL DEFAULT NULL COMMENT '00 按揭房 01全款 ',
  `CAR_TYPE` varchar(2) CHARACTER SET utf8 COLLATE utf8_general_ci NULL DEFAULT NULL COMMENT '00 本地 01外地 ',
  `CAR_ADDRESS_TYPE` varchar(2) CHARACTER SET utf8 COLLATE utf8_general_ci NULL DEFAULT NULL COMMENT '00 按揭车 01全款 ',
  PRIMARY KEY (`USERID`) USING BTREE
) ENGINE = InnoDB CHARACTER SET = utf8 COLLATE = utf8_general_ci ROW_FORMAT = Dynamic;

-- ----------------------------
-- Table structure for ryn_followup_record
-- ----------------------------
DROP TABLE IF EXISTS `ryn_followup_record`;
CREATE TABLE `ryn_followup_record`  (
  `followup_id` varchar(64) CHARACTER SET utf8 COLLATE utf8_general_ci NOT NULL,
  `content` varchar(255) CHARACTER SET utf8 COLLATE utf8_general_ci NULL DEFAULT NULL COMMENT '跟进内容',
  `staff_id` varchar(64) CHARACTER SET utf8 COLLATE utf8_general_ci NULL DEFAULT NULL COMMENT '跟进人编号',
  `staff_name` varchar(255) CHARACTER SET utf8 COLLATE utf8_general_ci NULL DEFAULT NULL COMMENT '跟进人姓名',
  `attachment_code` varchar(64) CHARACTER SET utf8 COLLATE utf8_general_ci NULL DEFAULT NULL COMMENT '附件编码',
  `followup_time` timestamp(0) NOT NULL DEFAULT CURRENT_TIMESTAMP(0) ON UPDATE CURRENT_TIMESTAMP(0),
  `updated_at` timestamp(0) NOT NULL DEFAULT CURRENT_TIMESTAMP(0) ON UPDATE CURRENT_TIMESTAMP(0),
  `created_at` timestamp(0) NOT NULL,
  `contract_id` varchar(64) CHARACTER SET utf8 COLLATE utf8_general_ci NULL DEFAULT NULL COMMENT '合同编号',
  `estimate_time` timestamp(0) NULL DEFAULT NULL COMMENT '预计回款日期',
  `estimate_amount` varchar(255) CHARACTER SET utf8 COLLATE utf8_general_ci NULL DEFAULT NULL COMMENT '预计回款金额',
  `contract_name` varchar(255) CHARACTER SET utf8 COLLATE utf8_general_ci NULL DEFAULT NULL COMMENT '合同名称',
  PRIMARY KEY (`followup_id`) USING BTREE
) ENGINE = InnoDB CHARACTER SET = utf8 COLLATE = utf8_general_ci COMMENT = '跟进表' ROW_FORMAT = Dynamic;

-- ----------------------------
-- Records of ryn_followup_record
-- ----------------------------
INSERT INTO `ryn_followup_record` VALUES ('744139644748169216', 'xxxxx', '', '', NULL, '2019-10-24 17:58:56', '2019-10-24 17:58:56', '2019-10-24 17:12:38', '743363409369628672', NULL, NULL, NULL);
INSERT INTO `ryn_followup_record` VALUES ('749200712868560896', NULL, '', '', NULL, '2019-10-31 16:48:05', '2019-10-31 16:48:05', '2019-10-31 16:48:05', '749006741156397056', '2019-11-01 00:00:00', '4511', '云开合同');
INSERT INTO `ryn_followup_record` VALUES ('749301196111478784', NULL, '', '', NULL, '2019-10-31 20:07:43', '2019-10-31 20:07:43', '2019-10-31 20:07:43', '749293437596991488', '2019-11-01 00:00:00', '6000', '测试合同');
INSERT INTO `ryn_followup_record` VALUES ('749307197044817920', NULL, '', '', NULL, '2019-10-31 20:19:39', '2019-10-31 20:19:39', '2019-10-31 20:19:39', '749293437596991488', '2019-11-01 00:00:00', '45678', '测试合同');
INSERT INTO `ryn_followup_record` VALUES ('749307537446141952', 'dsdsa', '', '', NULL, '2019-10-31 20:20:19', '2019-10-31 20:20:19', '2019-10-31 20:20:19', '749293437596991488', '2019-12-31 00:00:00', '4546', '测试合同');
INSERT INTO `ryn_followup_record` VALUES ('749945666532278272', '', '', '', NULL, '2019-11-01 17:28:10', '2019-11-01 17:28:10', '2019-11-01 17:28:10', '749910864965926912', NULL, '', '43242422434');
INSERT INTO `ryn_followup_record` VALUES ('749945714221514752', '', '', '', NULL, '2019-11-01 17:28:16', '2019-11-01 17:28:16', '2019-11-01 17:28:16', '749910864965926912', NULL, '', 'undefined');
INSERT INTO `ryn_followup_record` VALUES ('749945937777917952', '11', '', '', NULL, '2019-11-01 17:28:42', '2019-11-01 17:28:42', '2019-11-01 17:28:42', '749910864965926912', '2019-11-01 00:00:00', '100', '43242422434');
INSERT INTO `ryn_followup_record` VALUES ('749953446177669120', '11', '', '', NULL, '2019-11-01 17:43:38', '2019-11-01 17:43:38', '2019-11-01 17:43:38', '749928463225323520', '2019-11-01 00:00:00', '100', '采购1000个u盘');
INSERT INTO `ryn_followup_record` VALUES ('749953476930306048', '', '', '', NULL, '2019-11-01 17:43:41', '2019-11-01 17:43:41', '2019-11-01 17:43:41', '749928463225323520', NULL, '', 'undefined');
INSERT INTO `ryn_followup_record` VALUES ('751889435611627520', '111', '', '', NULL, '2019-11-04 09:50:05', '2019-11-04 09:50:05', '2019-11-04 09:50:05', '749293437596991488', '2019-11-04 00:00:00', '100', '测试合同');
INSERT INTO `ryn_followup_record` VALUES ('752037880284577792', '', '', '', NULL, '2019-11-04 14:45:01', '2019-11-04 14:45:01', '2019-11-04 14:45:01', '749006741156397056', NULL, '', '云开合同');
INSERT INTO `ryn_followup_record` VALUES ('752844008761327616', '下次下次想', '', '', NULL, '2019-11-05 17:26:39', '2019-11-05 17:26:39', '2019-11-05 17:26:39', '749293437596991488', '2019-11-05 00:00:00', '333', '测试合同1234');
INSERT INTO `ryn_followup_record` VALUES ('752846034836652032', '颠三倒四', '', '', NULL, '2019-11-05 17:30:41', '2019-11-05 17:30:41', '2019-11-05 17:30:41', '749293437596991488', '2019-09-05 00:00:00', '颠三倒四', '测试合同1234');
INSERT INTO `ryn_followup_record` VALUES ('752893388763693056', '跟进更https://tvax4.sinaimg.cn/crop.0.0.512.512.180/e67acc47ly8g8mhcnb0ylj20e80e8dgd.jpg?KID=imgbed,tva&Expires=1572961891&ssig=3CCU80JnVA https://tvax4.sinaimg.cn/crop.0.0.512.512.180/e67acc47ly8g8mhcnb', '', '', NULL, '2019-11-05 19:04:46', '2019-11-05 19:04:46', '2019-11-05 19:04:46', '749894374430605312', '2019-11-05 00:00:00', '50', '测试3号');
INSERT INTO `ryn_followup_record` VALUES ('762250703585411072', '', '748475028089077760', '员工3', NULL, '2019-11-18 16:56:05', '2019-11-18 16:56:05', '2019-11-18 16:56:05', '749293437596991488', '2019-10-18 00:00:00', '2222', '测试合同1234');
INSERT INTO `ryn_followup_record` VALUES ('762261407583436800', '', '748475028089077760', '员工3', NULL, '2019-11-18 17:17:21', '2019-11-18 17:17:21', '2019-11-18 17:17:21', '749293437596991488', '2019-10-18 00:00:00', '3333', '测试合同1234');
INSERT INTO `ryn_followup_record` VALUES ('762261517054771200', '', '748475028089077760', '员工3', NULL, '2019-11-18 17:17:34', '2019-11-18 17:17:34', '2019-11-18 17:17:34', '749293437596991488', '2019-10-18 00:00:00', '3455', '测试合同1234');

-- ----------------------------
-- Table structure for ryn_followup_record_comment
-- ----------------------------
DROP TABLE IF EXISTS `ryn_followup_record_comment`;
CREATE TABLE `ryn_followup_record_comment`  (
  `comment_id` varchar(64) CHARACTER SET utf8 COLLATE utf8_general_ci NOT NULL,
  `followup_id` varchar(255) CHARACTER SET utf8 COLLATE utf8_general_ci NULL DEFAULT NULL COMMENT '跟进主键',
  `staff_id` varchar(64) CHARACTER SET utf8 COLLATE utf8_general_ci NULL DEFAULT NULL COMMENT '评论人编号',
  `staff_name` varchar(255) CHARACTER SET utf8 COLLATE utf8_general_ci NULL DEFAULT NULL COMMENT '评论人姓名',
  `comment_content` varchar(255) CHARACTER SET utf8 COLLATE utf8_general_ci NULL DEFAULT NULL COMMENT '附件内容',
  `updated_at` timestamp(0) NOT NULL DEFAULT CURRENT_TIMESTAMP(0) ON UPDATE CURRENT_TIMESTAMP(0),
  `created_at` timestamp(0) NOT NULL,
  `comment_time` timestamp(0) NULL DEFAULT NULL COMMENT '评论时间',
  PRIMARY KEY (`comment_id`) USING BTREE
) ENGINE = InnoDB CHARACTER SET = utf8 COLLATE = utf8_general_ci COMMENT = '跟进评论表' ROW_FORMAT = Dynamic;

-- ----------------------------
-- Records of ryn_followup_record_comment
-- ----------------------------
INSERT INTO `ryn_followup_record_comment` VALUES ('762194993925324800', '749200712868560896', '748475028089077760', '员工3', '反反复复', '2019-11-18 15:05:24', '2019-11-18 15:05:24', '2019-11-18 15:05:24');
INSERT INTO `ryn_followup_record_comment` VALUES ('762195091753271296', '749200712868560896', '748475028089077760', '员工3', '飞飞飞', '2019-11-18 15:05:35', '2019-11-18 15:05:35', '2019-11-18 15:05:35');
INSERT INTO `ryn_followup_record_comment` VALUES ('762195835646640128', '749200712868560896', '748475028089077760', '员工3', '少时诵诗书所', '2019-11-18 15:07:04', '2019-11-18 15:07:04', '2019-11-18 15:07:04');
INSERT INTO `ryn_followup_record_comment` VALUES ('762198641048813568', '749307197044817920', '748475028089077760', '员工3', '休息休息', '2019-11-18 15:12:38', '2019-11-18 15:12:38', '2019-11-18 15:12:38');
INSERT INTO `ryn_followup_record_comment` VALUES ('762215686045958144', '749200712868560896', '748475028089077760', '员工3', '反反复复', '2019-11-18 15:46:30', '2019-11-18 15:46:30', '2019-11-18 15:46:30');
INSERT INTO `ryn_followup_record_comment` VALUES ('762217545297035264', '749200712868560896', '748475028089077760', '员工3', '发发发', '2019-11-18 15:50:12', '2019-11-18 15:50:12', '2019-11-18 15:50:12');
INSERT INTO `ryn_followup_record_comment` VALUES ('762284829063512064', '749307537446141952', '748475028089077760', '员工3', '啛啛喳喳', '2019-11-18 18:03:53', '2019-11-18 18:03:53', '2019-11-18 18:03:53');

-- ----------------------------
-- Table structure for ryn_order
-- ----------------------------
DROP TABLE IF EXISTS `ryn_order`;
CREATE TABLE `ryn_order`  (
  `ORDER_ID` varchar(32) CHARACTER SET utf8 COLLATE utf8_general_ci NOT NULL COMMENT '主键，订单编号',
  `MEMBER_ID` varchar(32) CHARACTER SET utf8 COLLATE utf8_general_ci NULL DEFAULT NULL COMMENT '融资客户Id',
  `COMPANY_NAME` varchar(255) CHARACTER SET utf8 COLLATE utf8_general_ci NULL DEFAULT '',
  `MEMBER_NAME` varchar(255) CHARACTER SET utf8 COLLATE utf8_general_ci NULL DEFAULT '',
  `ORDER_CHENEL` varchar(10) CHARACTER SET utf8 COLLATE utf8_general_ci NULL DEFAULT NULL COMMENT '下单渠道 0-小程序 1-PC 2-手机 4-微信',
  `ORDER_TIME` datetime(0) NULL DEFAULT NULL COMMENT '申请时间',
  `IS_ROY` varchar(2) CHARACTER SET utf8 COLLATE utf8_general_ci NULL DEFAULT '0' COMMENT '是否产生佣金(0 无佣金 1有佣金)',
  `PAYMENT_STATUS` varchar(4) CHARACTER SET utf8 COLLATE utf8_general_ci NULL DEFAULT NULL COMMENT '佣金结算状态(00-未结算，01已结算，02结算中，03可结算)',
  `ORDER_STATUS` varchar(4) CHARACTER SET utf8 COLLATE utf8_general_ci NULL DEFAULT NULL COMMENT '\"订单状态:01=待处理(合伙人推荐成功),02=资质不符合(橙势审核不符),03=资金方审核(提交银行渠道) 04=已放款(银行渠道已放款，交易完成) 05=已拒款(交易失败) 06=已删除\"',
  `ORDER_TYPE` varchar(2) CHARACTER SET utf8 COLLATE utf8_general_ci NULL DEFAULT '00' COMMENT '订单类型  01-普通订单',
  `ORDER_CLOSE_TIME` datetime(0) NULL DEFAULT NULL COMMENT '订单关闭时间',
  `ORDER_INVALID_TIME` datetime(0) NULL DEFAULT NULL COMMENT '订单失效时间',
  `PARTNER_ID` varchar(20) CHARACTER SET utf8 COLLATE utf8_general_ci NULL DEFAULT NULL COMMENT '合伙人编号',
  `ORDER_MERCHANT_MEMO` varchar(100) CHARACTER SET utf8 COLLATE utf8_general_ci NULL DEFAULT NULL COMMENT '合伙人备注',
  `ORDER_MEMO` varchar(100) CHARACTER SET utf8 COLLATE utf8_general_ci NULL DEFAULT NULL COMMENT '推荐人编号',
  `PAYMENT_FEE` decimal(10, 2) NULL DEFAULT NULL COMMENT '佣金提成金额',
  `MODIFY_TIME` datetime(0) NULL DEFAULT NULL COMMENT '修改时间',
  `IS_DELETE` varchar(2) CHARACTER SET utf8 COLLATE utf8_general_ci NULL DEFAULT NULL COMMENT '订单删除状态 0:订单标记为未删除  1：订单标记为已删除',
  `ORDER_FACT_PAY_AMOUNT` decimal(10, 2) NULL DEFAULT 0.00 COMMENT '订单实际到账金额',
  `ORDER_PAY_AMOUNT` varchar(10) CHARACTER SET utf8 COLLATE utf8_general_ci NULL DEFAULT '0.00' COMMENT '订单申请金额',
  `ORDER_PAY_TIME` datetime(0) NULL DEFAULT NULL COMMENT '到账时间',
  `ORDER_CREATE_TYPE` varchar(2) CHARACTER SET utf8 COLLATE utf8_general_ci NULL DEFAULT '00' COMMENT '订单生成方式 00=直接申请',
  `REFERRAL_CODE` varchar(10) CHARACTER SET utf8 COLLATE utf8_general_ci NULL DEFAULT NULL COMMENT '推荐码(6位)',
  `CITY` varchar(255) CHARACTER SET utf8 COLLATE utf8_general_ci NOT NULL COMMENT '城市',
  PRIMARY KEY (`ORDER_ID`, `CITY`) USING BTREE
) ENGINE = InnoDB CHARACTER SET = utf8 COLLATE = utf8_general_ci ROW_FORMAT = Dynamic;

-- ----------------------------
-- Table structure for ryn_partner
-- ----------------------------
DROP TABLE IF EXISTS `ryn_partner`;
CREATE TABLE `ryn_partner`  (
  `PARTNERID` varchar(20) CHARACTER SET utf8 COLLATE utf8_general_ci NOT NULL COMMENT '主键，合伙人ID',
  `PARTNER_NAME` varchar(60) CHARACTER SET utf8 COLLATE utf8_general_ci NULL DEFAULT NULL COMMENT '合伙人名称',
  `COMPANY_ADDRESS` varchar(100) CHARACTER SET utf8 COLLATE utf8_general_ci NULL DEFAULT NULL COMMENT '公司地址',
  `COMPANY_NAME` varchar(100) CHARACTER SET utf8 COLLATE utf8_general_ci NULL DEFAULT NULL COMMENT '公司名称',
  `CONTACT_PERSON` varchar(50) CHARACTER SET utf8 COLLATE utf8_general_ci NULL DEFAULT NULL COMMENT '联系人姓名',
  `CONTACT_TYPE` varchar(20) CHARACTER SET utf8 COLLATE utf8_general_ci NULL DEFAULT NULL COMMENT '联系方式',
  `SEX` varchar(2) CHARACTER SET utf8 COLLATE utf8_general_ci NULL DEFAULT NULL COMMENT '性别',
  `IDCART_TYPE` varchar(2) CHARACTER SET utf8 COLLATE utf8_general_ci NULL DEFAULT NULL COMMENT '证件类型(00 身份证 01营业执照)',
  `IDCART_NUMBER` varchar(20) CHARACTER SET utf8 COLLATE utf8_general_ci NULL DEFAULT NULL COMMENT '证件号码',
  `ADDRESS` varchar(200) CHARACTER SET utf8 COLLATE utf8_general_ci NULL DEFAULT NULL COMMENT '合伙人详细地址',
  `EMAIL` varchar(50) CHARACTER SET utf8 COLLATE utf8_general_ci NULL DEFAULT NULL COMMENT '邮箱',
  `CREATE_TIME` datetime(0) NULL DEFAULT NULL COMMENT '创建时间',
  `STATUS` varchar(10) CHARACTER SET utf8 COLLATE utf8_general_ci NULL DEFAULT NULL COMMENT '状态',
  `REGISTER_MOBILE` varchar(20) CHARACTER SET utf8 COLLATE utf8_general_ci NULL DEFAULT NULL COMMENT '注册手机',
  `MERCHANT_PAYMENT_PATTERN` varchar(2) CHARACTER SET utf8 COLLATE utf8_general_ci NULL DEFAULT NULL COMMENT '支持的支付方式（对公，对私）',
  `ACCNO` varchar(32) CHARACTER SET utf8 COLLATE utf8_general_ci NULL DEFAULT NULL COMMENT '出金账户',
  `ACCNO_BANK` varchar(200) CHARACTER SET utf8 COLLATE utf8_general_ci NULL DEFAULT NULL COMMENT '出金账户开户行',
  `PROVINCE_NO` varchar(10) CHARACTER SET utf8 COLLATE utf8_general_ci NULL DEFAULT NULL COMMENT '省份编号',
  `CITY_NO` varchar(10) CHARACTER SET utf8 COLLATE utf8_general_ci NULL DEFAULT NULL COMMENT '市编号',
  `MERCHANT_TYPE` varchar(2) CHARACTER SET utf8 COLLATE utf8_general_ci NULL DEFAULT NULL COMMENT '合伙人类型 0 普通类型',
  `MEMBER_ORIGIN` float NULL DEFAULT NULL COMMENT '客户来源,注册0,DEFAULT=0  H5 1 PC',
  `LEGAL_PERSON` varchar(60) CHARACTER SET utf8 COLLATE utf8_general_ci NULL DEFAULT NULL COMMENT '英文名称',
  `NICKNAME` varchar(64) CHARACTER SET utf8 COLLATE utf8_general_ci NULL DEFAULT NULL,
  `AVATAR` varchar(255) CHARACTER SET utf8 COLLATE utf8_general_ci NULL DEFAULT NULL,
  `RECOMMEND` varchar(32) CHARACTER SET utf8 COLLATE utf8_general_ci NULL DEFAULT NULL COMMENT '推荐码',
  `REVIEWER_ID` varchar(64) CHARACTER SET utf8 COLLATE utf8_general_ci NULL DEFAULT NULL COMMENT '审核人编号',
  `REVIEWER_NAME` varchar(64) CHARACTER SET utf8 COLLATE utf8_general_ci NULL DEFAULT NULL COMMENT '审核人名称',
  `OPEN_ID` varchar(64) CHARACTER SET utf8 COLLATE utf8_general_ci NULL DEFAULT '' COMMENT '小程序编号',
  PRIMARY KEY (`PARTNERID`) USING BTREE
) ENGINE = InnoDB CHARACTER SET = utf8 COLLATE = utf8_general_ci ROW_FORMAT = Dynamic;

-- ----------------------------
-- Table structure for ryn_payment_result
-- ----------------------------
DROP TABLE IF EXISTS `ryn_payment_result`;
CREATE TABLE `ryn_payment_result`  (
  `PAYMENT_SYSTEM_ID` varchar(64) CHARACTER SET utf8 COLLATE utf8_general_ci NOT NULL COMMENT '结算系统编号',
  `ORDER_ID` varchar(100) CHARACTER SET utf8 COLLATE utf8_general_ci NULL DEFAULT NULL COMMENT '订单编号',
  `PAYMENT_TYPE` varchar(2) CHARACTER SET utf8 COLLATE utf8_general_ci NULL DEFAULT NULL COMMENT '结算付款方式 01 微信 02 银行卡',
  `PAYMENT_TIME` datetime(0) NULL DEFAULT NULL COMMENT '结算时间',
  `PAYMENT_STATUS` varchar(4) CHARACTER SET utf8 COLLATE utf8_general_ci NULL DEFAULT NULL COMMENT '结算状态(03-可结算，01已结算，02结算中)',
  `PAYMENT_FEE` decimal(10, 2) NULL DEFAULT NULL COMMENT '手续费',
  `PAYED_BANK` varchar(100) CHARACTER SET utf8 COLLATE utf8_general_ci NULL DEFAULT NULL COMMENT '结算银行',
  `PAY_CARD_NO` varchar(100) CHARACTER SET utf8 COLLATE utf8_general_ci NULL DEFAULT NULL COMMENT '结算卡号',
  `PAY_CARD_TYPE` varchar(30) CHARACTER SET utf8 COLLATE utf8_general_ci NULL DEFAULT NULL COMMENT '结算类型',
  `PAYED_TIME` datetime(0) NULL DEFAULT NULL COMMENT '结算完成时间',
  `CHANNEL_TYPE` varchar(2) CHARACTER SET utf8 COLLATE utf8_general_ci NULL DEFAULT NULL COMMENT '渠道 01-PC 02-小程序 ',
  `PAY_AMT` decimal(10, 2) NULL DEFAULT NULL COMMENT '结算金额',
  PRIMARY KEY (`PAYMENT_SYSTEM_ID`) USING BTREE
) ENGINE = InnoDB CHARACTER SET = utf8 COLLATE = utf8_general_ci ROW_FORMAT = Dynamic;

-- ----------------------------
-- Table structure for ryn_receivable_collection
-- ----------------------------
DROP TABLE IF EXISTS `ryn_receivable_collection`;
CREATE TABLE `ryn_receivable_collection`  (
  `COLLECTION_ID` varchar(64) CHARACTER SET utf8mb4 COLLATE utf8mb4_bin NOT NULL COMMENT '客户编号',
  `CUSTOMER_ID` varchar(64) CHARACTER SET utf8mb4 COLLATE utf8mb4_bin NOT NULL COMMENT '客户名称',
  `CUSTOMER_NAME` varchar(255) CHARACTER SET utf8mb4 COLLATE utf8mb4_bin NULL DEFAULT NULL COMMENT '客户名称',
  `AMOUNT` varchar(128) CHARACTER SET utf8mb4 COLLATE utf8mb4_bin NULL DEFAULT NULL COMMENT '回款金额',
  `CARD_NO` varchar(64) CHARACTER SET utf8mb4 COLLATE utf8mb4_bin NULL DEFAULT NULL COMMENT '回款账户',
  `TYPE` varchar(4) CHARACTER SET utf8mb4 COLLATE utf8mb4_bin NULL DEFAULT NULL COMMENT '回款方式',
  `TIME` datetime(0) NULL DEFAULT NULL COMMENT '回款时间',
  `VOUCHER_TYPE` varchar(4) CHARACTER SET utf8mb4 COLLATE utf8mb4_bin NULL DEFAULT NULL COMMENT '凭证类型',
  `ATTACHMENT_CODE` varchar(64) CHARACTER SET utf8mb4 COLLATE utf8mb4_bin NULL DEFAULT NULL COMMENT '凭证附件编码',
  `CREATE_BY` varchar(64) CHARACTER SET utf8mb4 COLLATE utf8mb4_bin NOT NULL COMMENT '创建人',
  `CREATE_TIME` datetime(0) NULL DEFAULT NULL COMMENT '创建时间',
  `STATUS` varchar(4) CHARACTER SET utf8mb4 COLLATE utf8mb4_bin NULL DEFAULT NULL COMMENT '回款状态(0已作废，1已收款，2回款中)',
  `REMARKS` varchar(255) CHARACTER SET utf8mb4 COLLATE utf8mb4_bin NOT NULL COMMENT '备注',
  `COLLECTION_DATE` datetime(0) NULL DEFAULT NULL COMMENT '回款日期',
  `CONTRACT_ID` varchar(64) CHARACTER SET utf8mb4 COLLATE utf8mb4_bin NULL DEFAULT NULL COMMENT '合同编号',
  `PLAN_ID` varchar(64) CHARACTER SET utf8mb4 COLLATE utf8mb4_bin NULL DEFAULT NULL COMMENT '计划编号',
  PRIMARY KEY (`COLLECTION_ID`) USING BTREE
) ENGINE = InnoDB CHARACTER SET = utf8mb4 COLLATE = utf8mb4_bin COMMENT = '回款表' ROW_FORMAT = Dynamic;

-- ----------------------------
-- Records of ryn_receivable_collection
-- ----------------------------
INSERT INTO `ryn_receivable_collection` VALUES ('752030184349106176', '744787700585857024', NULL, '1000', NULL, NULL, '2019-11-04 14:29:44', NULL, NULL, '2019-11-04', '2019-11-04 14:29:44', NULL, 're', NULL, '749006741156397056', '749006741223505920');
INSERT INTO `ryn_receivable_collection` VALUES ('752843490924167168', '744787700585857024', '瑞云科技', '30', NULL, NULL, '2019-11-05 17:25:38', NULL, NULL, '2019-11-05', '2019-11-05 17:25:38', NULL, '嘻嘻嘻', NULL, '749293437596991488', '752840458484318208');
INSERT INTO `ryn_receivable_collection` VALUES ('752855762870468608', '744787700585857024', '瑞云科技', '10', NULL, NULL, '2019-11-05 17:52:17', NULL, NULL, '2019-11-05', '2019-11-05 17:50:04', NULL, 'xxxw', NULL, '749293437596991488', '752840458484318208');
INSERT INTO `ryn_receivable_collection` VALUES ('752892468399177728', '744787700585857024', '瑞云科技', '23', NULL, NULL, '2019-11-05 19:02:56', NULL, NULL, '2019-11-05', '2019-11-05 19:02:56', NULL, 'xx', NULL, '749894374430605312', NULL);
INSERT INTO `ryn_receivable_collection` VALUES ('754320664831197184', '744787700585857024', '瑞云科技', '123', NULL, NULL, '2019-11-07 18:20:31', NULL, NULL, '2019-11-07', '2019-11-07 18:20:31', NULL, '', NULL, '749293437596991488', '752840458484318208');

-- ----------------------------
-- Table structure for ryn_receivable_collection_plan
-- ----------------------------
DROP TABLE IF EXISTS `ryn_receivable_collection_plan`;
CREATE TABLE `ryn_receivable_collection_plan`  (
  `PLAN_ID` varchar(64) CHARACTER SET utf8mb4 COLLATE utf8mb4_bin NOT NULL COMMENT '主键',
  `PLAN_AMOUNT` varchar(32) CHARACTER SET utf8mb4 COLLATE utf8mb4_bin NULL DEFAULT NULL COMMENT '计划金额',
  `REMAKES` varchar(255) CHARACTER SET utf8mb4 COLLATE utf8mb4_bin NULL DEFAULT NULL COMMENT '备注',
  `STATUS` varchar(4) CHARACTER SET utf8mb4 COLLATE utf8mb4_bin NULL DEFAULT NULL COMMENT '回款状态(0逾期1已还款2未开始3回款中)',
  `CONTRACT_ID` varchar(64) CHARACTER SET utf8mb4 COLLATE utf8mb4_bin NULL DEFAULT NULL COMMENT '合同编号',
  `PLAN_TIME` timestamp(0) NOT NULL COMMENT '计划回款时间',
  `BACKED_AMOUNT` varchar(255) CHARACTER SET utf8mb4 COLLATE utf8mb4_bin NULL DEFAULT NULL COMMENT '计划已回金额',
  `SURPLUS_AMOUNT` varchar(255) CHARACTER SET utf8mb4 COLLATE utf8mb4_bin NULL DEFAULT NULL COMMENT '计划剩余金额',
  `PLAN_PERIODES` varchar(4) CHARACTER SET utf8mb4 COLLATE utf8mb4_bin NULL DEFAULT NULL COMMENT '计划期数',
  PRIMARY KEY (`PLAN_ID`) USING BTREE
) ENGINE = InnoDB CHARACTER SET = utf8mb4 COLLATE = utf8mb4_bin ROW_FORMAT = Dynamic;

-- ----------------------------
-- Records of ryn_receivable_collection_plan
-- ----------------------------
INSERT INTO `ryn_receivable_collection_plan` VALUES ('752840458484318208', '56', '大大', '0', '749293437596991488', '2019-11-18 00:00:00', NULL, NULL, NULL);
INSERT INTO `ryn_receivable_collection_plan` VALUES ('752851538694635520', '78', 'dds', '2', '749293437596991488', '2019-11-05 00:00:00', NULL, NULL, NULL);
INSERT INTO `ryn_receivable_collection_plan` VALUES ('754946329234374656', '1', '3232', '2', '754946329167265792', '2019-11-08 00:00:00', NULL, NULL, NULL);
INSERT INTO `ryn_receivable_collection_plan` VALUES ('754946653512794112', '3', '321xx', '2', '754946653487628288', '2019-11-08 00:00:00', NULL, NULL, NULL);

-- ----------------------------
-- Table structure for ryn_receivable_contract
-- ----------------------------
DROP TABLE IF EXISTS `ryn_receivable_contract`;
CREATE TABLE `ryn_receivable_contract`  (
  `CONTRACT_ID` varchar(64) CHARACTER SET utf8mb4 COLLATE utf8mb4_bin NOT NULL COMMENT '合同编号',
  `CONTRACT_NAME` varchar(128) CHARACTER SET utf8mb4 COLLATE utf8mb4_bin NULL DEFAULT NULL COMMENT '合同名称',
  `CUSTOMER_ID` varchar(64) CHARACTER SET utf8mb4 COLLATE utf8mb4_bin NULL DEFAULT NULL COMMENT '客户编号',
  `CUSTOMER_NAME` varchar(128) CHARACTER SET utf8mb4 COLLATE utf8mb4_bin NULL DEFAULT NULL COMMENT '客户名称',
  `CONTRACT_TIME` datetime(0) NULL DEFAULT NULL COMMENT '合同日期',
  `CONTRACT_AMOUNT` varchar(64) CHARACTER SET utf8mb4 COLLATE utf8mb4_bin NULL DEFAULT NULL COMMENT '合同金额',
  `BALANCE_AMOUNT` varchar(64) CHARACTER SET utf8mb4 COLLATE utf8mb4_bin NULL DEFAULT NULL COMMENT '待还款',
  `COLLECTION_AMOUNT` varchar(64) CHARACTER SET utf8mb4 COLLATE utf8mb4_bin NULL DEFAULT NULL COMMENT '已还款',
  `STATUS` varchar(4) CHARACTER SET utf8mb4 COLLATE utf8mb4_bin NULL DEFAULT NULL COMMENT '合同状态(0已逾期,1已完成，2执行中)',
  `DEPARTMENT` varchar(256) CHARACTER SET utf8mb4 COLLATE utf8mb4_bin NULL DEFAULT NULL COMMENT '部门',
  `CONTRACT_CODE` varchar(64) CHARACTER SET utf8mb4 COLLATE utf8mb4_bin NULL DEFAULT NULL COMMENT '合同编码',
  `CONTACTS` varchar(64) CHARACTER SET utf8mb4 COLLATE utf8mb4_bin NULL DEFAULT NULL COMMENT '联系人',
  `CONTACTS_PHONE` varchar(32) CHARACTER SET utf8mb4 COLLATE utf8mb4_bin NULL DEFAULT NULL COMMENT '联系电话',
  `STAFF_ID` varchar(64) CHARACTER SET utf8mb4 COLLATE utf8mb4_bin NULL DEFAULT NULL COMMENT '负责人员工编号',
  `STAFF_NAME` varchar(255) CHARACTER SET utf8mb4 COLLATE utf8mb4_bin NULL DEFAULT NULL COMMENT '负责人员工姓名',
  `ATTACHMENT_CODE` varchar(64) CHARACTER SET utf8mb4 COLLATE utf8mb4_bin NULL DEFAULT NULL COMMENT '附件编码',
  PRIMARY KEY (`CONTRACT_ID`) USING BTREE
) ENGINE = InnoDB CHARACTER SET = utf8mb4 COLLATE = utf8mb4_bin COMMENT = '应收合同表' ROW_FORMAT = Dynamic;

-- ----------------------------
-- Records of ryn_receivable_contract
-- ----------------------------
INSERT INTO `ryn_receivable_contract` VALUES ('749006741156397056', '云开合同', '744787700585857024', NULL, '2019-10-31 10:53:21', '2100.00', '1100.00', '1000.00', '2', NULL, '749006741156397057', NULL, NULL, '748475028089077760', '员工3', '749006741223505922');
INSERT INTO `ryn_receivable_contract` VALUES ('749293437596991488', '测试合同1234', '744787700585857024', '瑞云科技', '2019-10-31 20:01:58', '3471.00', '3338.00', '163.00', '2', NULL, '749293437596991489', '嘎', NULL, '739747569474732032', '员工1', NULL);
INSERT INTO `ryn_receivable_contract` VALUES ('749886695255572480', '测试2号合同', '749763378313953280', 'test', '2019-11-18 16:16:25', '0.00', '0.00', '0.00', '2', NULL, '749886695255572481', '宋宋', NULL, '', '', NULL);
INSERT INTO `ryn_receivable_contract` VALUES ('749893773185515520', '测试2号合同', '749763378313953280', 'test', '2019-11-18 16:16:28', '1000000.00', '1000000.00', '0.00', '2', NULL, '749893773185515521', '宋宋', NULL, '741755295541231616', '员工2', '749893773353287681');
INSERT INTO `ryn_receivable_contract` VALUES ('749894374430605312', '测试3号', '744787700585857024', '瑞云科技', NULL, '500000.00', '499977.00', '23', '2', NULL, '749894374430605313', '哈哈', NULL, '741755295541231616', '员工2', NULL);
INSERT INTO `ryn_receivable_contract` VALUES ('749903713165901824', '测试4号', '748477685524594688', '测试', NULL, '10000.00', '10000.00', '0.00', '2', NULL, '749903713165901825', '11', NULL, '741755295541231616', '员工2', NULL);
INSERT INTO `ryn_receivable_contract` VALUES ('749907838037393408', '采购100个摄像机', '748477685524594688', '测试', NULL, '50000.00', '50000.00', '0.00', '2', NULL, '749907838037393409', '陈瑞是', NULL, '741755295541231616', '员工2', '749907838171611140');
INSERT INTO `ryn_receivable_contract` VALUES ('749908628537868288', '采购1000个电脑', '744787700585857024', '瑞云科技', NULL, '1000.00', '1000.00', '0.00', '2', NULL, '749908628537868289', '22', NULL, '748475028089077760', '员工3', NULL);
INSERT INTO `ryn_receivable_contract` VALUES ('749910864965926912', '43242422434', '744787700585857024', '瑞云科技', NULL, '5000.00', '5000.00', '0.00', '2', NULL, '749910864965926913', '玩t太35345', NULL, '748475028089077760', '员工3', NULL);
INSERT INTO `ryn_receivable_contract` VALUES ('749926160955080704', 'qqqq', '748477685524594688', '测试', NULL, '100000.00.00', '100000.00', '0.00', '2', NULL, '749926160955080705', 'qq', NULL, '741755295541231616', '员工2', NULL);
INSERT INTO `ryn_receivable_contract` VALUES ('749928463225323520', '采购1000个u盘', '744787700585857024', '瑞云科技', NULL, '10000.00', '10000.00', '0.00', '2', NULL, '749928463225323521', '11', NULL, '748475028089077760', '员工3', NULL);
INSERT INTO `ryn_receivable_contract` VALUES ('751907661892550656', '测试44号', '744787700585857024', '瑞云科技', NULL, '100000.00', '100000.00', '0.00', '2', NULL, '751907661900939264', '11', NULL, '741755295541231616', '员工2', NULL);
INSERT INTO `ryn_receivable_contract` VALUES ('752748001042104320', '测试合同', '744787700585857024', '瑞云科技', NULL, '3451.00', '3451.00', '0.00', '2', NULL, '752748001050492928', '嘎', NULL, '739747569474732032', '员工1', NULL);
INSERT INTO `ryn_receivable_contract` VALUES ('752772088208556032', '测试合同', '744787700585857024', '瑞云科技', NULL, '3451.00', '3451.00', '0.00', '2', NULL, '752772088208556033', '嘎', NULL, '739747569474732032', '员工1', NULL);
INSERT INTO `ryn_receivable_contract` VALUES ('754932067602530304', '休息休息', '748477685524594688', '测试', NULL, '345', '345', '0.00', '2', NULL, '754932067602530305', '小程序', NULL, '739747569474732032', '员工1', '754932067887742976');
INSERT INTO `ryn_receivable_contract` VALUES ('754946329167265792', '休息休息吧', '744787700585857024', '瑞云科技', NULL, '345', '345', '0.00', '2', NULL, '754946329167265793', '初显成效', NULL, '741755295541231616', '员工2', '754946329251151872');
INSERT INTO `ryn_receivable_contract` VALUES ('754946653487628288', '小程序', '748477685524594688', '测试', NULL, '456', '456', '0.00', '2', NULL, '754946653487628289', '操作程序中', NULL, '748475028089077760', '员工3', NULL);

-- ----------------------------
-- Table structure for ryn_sys_params
-- ----------------------------
DROP TABLE IF EXISTS `ryn_sys_params`;
CREATE TABLE `ryn_sys_params`  (
  `INNER_NAME` varchar(510) CHARACTER SET utf8 COLLATE utf8_general_ci NOT NULL COMMENT '内部名key',
  `OUTER_NAME` varchar(510) CHARACTER SET utf8 COLLATE utf8_general_ci NULL DEFAULT NULL COMMENT '外部名',
  `VALUE` varchar(1000) CHARACTER SET utf8 COLLATE utf8_general_ci NULL DEFAULT NULL COMMENT '参数值',
  `TYPE` varchar(60) CHARACTER SET utf8 COLLATE utf8_general_ci NULL DEFAULT NULL COMMENT '参数类型1=第一次登录,0=非第一次登录',
  `STATUS` varchar(2) CHARACTER SET utf8 COLLATE utf8_general_ci NULL DEFAULT NULL COMMENT '状态 1=是；0=否',
  `MEMO` varchar(510) CHARACTER SET utf8 COLLATE utf8_general_ci NULL DEFAULT NULL COMMENT '备注',
  `INSTANCE_ID` varchar(40) CHARACTER SET utf8 COLLATE utf8_general_ci NULL DEFAULT NULL COMMENT '流程实例编号',
  PRIMARY KEY (`INNER_NAME`) USING BTREE
) ENGINE = InnoDB CHARACTER SET = utf8 COLLATE = utf8_general_ci ROW_FORMAT = Dynamic;

-- ----------------------------
-- Table structure for ryn_user_wechat
-- ----------------------------
DROP TABLE IF EXISTS `ryn_user_wechat`;
CREATE TABLE `ryn_user_wechat`  (
  `id` varchar(64) CHARACTER SET utf8mb4 COLLATE utf8mb4_0900_ai_ci NOT NULL DEFAULT '' COMMENT '主键',
  `user_id` varchar(64) CHARACTER SET utf8mb4 COLLATE utf8mb4_0900_ai_ci NOT NULL DEFAULT '' COMMENT '关联用户表主键',
  `union_id` varchar(64) CHARACTER SET utf8mb4 COLLATE utf8mb4_0900_ai_ci NOT NULL DEFAULT '' COMMENT '微信Union_id',
  `miniprogram_openid` varchar(64) CHARACTER SET utf8mb4 COLLATE utf8mb4_0900_ai_ci NOT NULL DEFAULT '' COMMENT '小程序openid',
  `gongzhonghao_openid` varchar(64) CHARACTER SET utf8mb4 COLLATE utf8mb4_0900_ai_ci NOT NULL DEFAULT '' COMMENT '公众号openid',
  `subscribe` tinyint(1) NOT NULL DEFAULT 0 COMMENT '用户是否关注公众号 0-未关注 1-已关注',
  `nickname` varchar(30) CHARACTER SET utf8mb4 COLLATE utf8mb4_0900_ai_ci NOT NULL DEFAULT '' COMMENT '昵称',
  `sex` tinyint(1) NOT NULL DEFAULT 0 COMMENT '性别 1 男，2女，0未知',
  `province` varchar(20) CHARACTER SET utf8mb4 COLLATE utf8mb4_0900_ai_ci NOT NULL DEFAULT '' COMMENT '省',
  `city` varchar(20) CHARACTER SET utf8mb4 COLLATE utf8mb4_0900_ai_ci NOT NULL DEFAULT '' COMMENT '城市',
  `country` varchar(20) CHARACTER SET utf8mb4 COLLATE utf8mb4_0900_ai_ci NOT NULL DEFAULT '' COMMENT '国家',
  `headimgurl` varchar(200) CHARACTER SET utf8mb4 COLLATE utf8mb4_0900_ai_ci NOT NULL DEFAULT '' COMMENT '头像',
  `language` varchar(30) CHARACTER SET utf8mb4 COLLATE utf8mb4_0900_ai_ci NOT NULL DEFAULT '' COMMENT '用户的语言，简体中文为zh_CN',
  `subscribe_time` int(11) NOT NULL DEFAULT 0 COMMENT '用户关注时间，为时间戳。如果用户曾多次关注，则取最后关注时间',
  `remark` varchar(200) CHARACTER SET utf8mb4 COLLATE utf8mb4_0900_ai_ci NOT NULL DEFAULT '' COMMENT '公众号运营者对粉丝的备注',
  `groupid` int(11) NOT NULL DEFAULT 0 COMMENT '用户所在分组',
  `subscribe_scene` varchar(20) CHARACTER SET utf8mb4 COLLATE utf8mb4_0900_ai_ci NOT NULL DEFAULT '' COMMENT '用户关注的渠道来源',
  `tagid_list` varchar(30) CHARACTER SET utf8mb4 COLLATE utf8mb4_0900_ai_ci NOT NULL DEFAULT '' COMMENT '用户被打上的标签ID列表',
  `qr_scene` varchar(30) CHARACTER SET utf8mb4 COLLATE utf8mb4_0900_ai_ci NOT NULL DEFAULT '' COMMENT '二维码扫码场景',
  `qr_scene_str` varchar(50) CHARACTER SET utf8mb4 COLLATE utf8mb4_0900_ai_ci NOT NULL DEFAULT '' COMMENT '二维码扫码场景描述',
  `updated_at` timestamp(0) NOT NULL DEFAULT CURRENT_TIMESTAMP(0) ON UPDATE CURRENT_TIMESTAMP(0) COMMENT '最后更新时间',
  `created_at` timestamp(0) NOT NULL COMMENT '创建时间',
  PRIMARY KEY (`id`) USING BTREE
) ENGINE = InnoDB CHARACTER SET = utf8mb4 COLLATE = utf8mb4_0900_ai_ci COMMENT = '用户微信信息表' ROW_FORMAT = Dynamic;

-- ----------------------------
-- Table structure for sys_perm
-- ----------------------------
DROP TABLE IF EXISTS `sys_perm`;
CREATE TABLE `sys_perm`  (
  `pval` varchar(50) CHARACTER SET utf8 COLLATE utf8_general_ci NOT NULL COMMENT '权限值，shiro的权限控制表达式(路由)',
  `parent` varchar(25) CHARACTER SET utf8 COLLATE utf8_general_ci NULL DEFAULT NULL COMMENT '父权限id',
  `pname` varchar(50) CHARACTER SET utf8 COLLATE utf8_general_ci NULL DEFAULT NULL COMMENT '权限名称',
  `ptype` int(3) NULL DEFAULT NULL COMMENT '权限类型：1.菜单 2.按钮 3.接口 4.特殊',
  `leaf` tinyint(1) NULL DEFAULT NULL COMMENT '是否叶子节点',
  `created` timestamp(0) NOT NULL,
  `updated` timestamp(0) NOT NULL DEFAULT CURRENT_TIMESTAMP(0) ON UPDATE CURRENT_TIMESTAMP(0),
  PRIMARY KEY (`pval`) USING BTREE,
  UNIQUE INDEX `pval`(`pval`) USING BTREE
) ENGINE = InnoDB CHARACTER SET = utf8 COLLATE = utf8_general_ci COMMENT = '权限表' ROW_FORMAT = Dynamic;

-- ----------------------------
-- Table structure for sys_role
-- ----------------------------
DROP TABLE IF EXISTS `sys_role`;
CREATE TABLE `sys_role`  (
  `rid` varchar(25) CHARACTER SET utf8 COLLATE utf8_general_ci NOT NULL COMMENT '角色id',
  `rname` varchar(50) CHARACTER SET utf8 COLLATE utf8_general_ci NULL DEFAULT NULL COMMENT '角色名，用于显示',
  `rdesc` varchar(100) CHARACTER SET utf8 COLLATE utf8_general_ci NULL DEFAULT NULL COMMENT '角色描述',
  `rval` varchar(100) CHARACTER SET utf8 COLLATE utf8_general_ci NOT NULL COMMENT '角色值，用于权限判断',
  `created` timestamp(0) NULL DEFAULT NULL COMMENT '创建时间',
  `updated` timestamp(0) NULL DEFAULT NULL COMMENT '修改时间',
  `company_id` varchar(64) CHARACTER SET utf8 COLLATE utf8_general_ci NULL DEFAULT NULL COMMENT '所属公司',
  `is_admin` varchar(4) CHARACTER SET utf8 COLLATE utf8_general_ci NULL DEFAULT NULL COMMENT '是否为超级管理员',
  PRIMARY KEY (`rid`) USING BTREE,
  UNIQUE INDEX `rval`(`rval`, `company_id`) USING BTREE
) ENGINE = InnoDB CHARACTER SET = utf8 COLLATE = utf8_general_ci ROW_FORMAT = Dynamic;

-- ----------------------------
-- Records of sys_role
-- ----------------------------
INSERT INTO `sys_role` VALUES ('1002748319131680769', '普通用户', '具有一般的权限，不具备系统菜单权限', 'common', '2018-06-02 11:06:44', '2019-09-13 16:09:45', NULL, NULL);
INSERT INTO `sys_role` VALUES ('1002806178141937666', '财务', '拥有财务相关权限', 'finance', '2018-06-02 14:56:39', NULL, NULL, NULL);
INSERT INTO `sys_role` VALUES ('1002806220860923906', '仓管', '拥有财务相关权限', 'stock', '2018-06-02 14:56:49', NULL, NULL, NULL);
INSERT INTO `sys_role` VALUES ('1002806266750803970', '销售', '拥有财务相关权限', 'sale', '2018-06-02 14:57:00', NULL, NULL, NULL);
INSERT INTO `sys_role` VALUES ('1002807171923550210', '文员', '拥有文员相关的权限', 'stuff', '2018-06-02 15:00:36', NULL, NULL, NULL);
INSERT INTO `sys_role` VALUES ('741750756180230144', '超级管理员', '具有本系统中最高权限', 'root', '2019-10-21 10:06:22', '2019-10-21 10:06:22', '741750704732897280', '1');
INSERT INTO `sys_role` VALUES ('741762459731230720', '超级管理员', '具有本系统中最高权限', 'root', '2019-10-21 10:29:36', '2019-10-21 10:29:36', '741762459462795264', '1');
INSERT INTO `sys_role` VALUES ('741763263770918912', '超级管理员', '具有本系统中最高权限', 'root', '2019-10-21 10:31:12', '2019-10-21 10:31:12', '741763263653478400', '1');
INSERT INTO `sys_role` VALUES ('741764732565848064', '超级管理员', '具有本系统中最高权限', 'root', '2019-10-21 10:34:07', '2019-10-21 10:34:07', '741764732339355648', '1');
INSERT INTO `sys_role` VALUES ('748475028726611968', '超级管理员', '具有本系统中最高权限', 'root', '2019-10-30 16:46:16', '2019-10-30 16:46:16', '748475028089077760', '1');
INSERT INTO `sys_role` VALUES ('749875507704627200', '超级管理员', '具有本系统中最高权限', 'root', '2019-11-01 15:08:47', '2019-11-01 15:08:47', '749875507142590464', '1');
INSERT INTO `sys_role` VALUES ('755005188992925696', '超级管理员', '具有本系统中最高权限', 'root', '2019-11-08 17:00:32', '2019-11-08 17:00:32', '755005188045012992', '1');
INSERT INTO `sys_role` VALUES ('755017059418505216', '超级管理员', '具有本系统中最高权限', 'root', '2019-11-08 17:24:07', '2019-11-08 17:24:07', '755017058999074816', '1');
INSERT INTO `sys_role` VALUES ('999999888888777777', '超级管理员', '具有本系统中最高权限', 'root', '2018-04-19 17:34:33', NULL, NULL, NULL);

-- ----------------------------
-- Table structure for sys_role_perm
-- ----------------------------
DROP TABLE IF EXISTS `sys_role_perm`;
CREATE TABLE `sys_role_perm`  (
  `role_id` varchar(25) CHARACTER SET utf8 COLLATE utf8_general_ci NOT NULL,
  `perm_val` varchar(25) CHARACTER SET utf8 COLLATE utf8_general_ci NOT NULL,
  `perm_type` int(5) NULL DEFAULT NULL,
  PRIMARY KEY (`role_id`, `perm_val`) USING BTREE
) ENGINE = InnoDB CHARACTER SET = utf8 COLLATE = utf8_general_ci ROW_FORMAT = Dynamic;

-- ----------------------------
-- Records of sys_role_perm
-- ----------------------------
INSERT INTO `sys_role_perm` VALUES ('1002748319131680769', 'a:perm:update', 3);
INSERT INTO `sys_role_perm` VALUES ('1002748319131680769', 'a:sys:perm', 3);
INSERT INTO `sys_role_perm` VALUES ('1002748319131680769', 'b:user:add', 2);
INSERT INTO `sys_role_perm` VALUES ('1002748319131680769', 'm:menu3', 1);
INSERT INTO `sys_role_perm` VALUES ('1002748319131680769', 'm:menu3:1', 1);
INSERT INTO `sys_role_perm` VALUES ('1002748319131680769', 'm:menu3:2', 1);
INSERT INTO `sys_role_perm` VALUES ('1002748319131680769', 'm:menu3:3', 1);
INSERT INTO `sys_role_perm` VALUES ('1002748319131680769', 'm:menu4', 1);
INSERT INTO `sys_role_perm` VALUES ('1002748319131680769', 'm:menu4:1', 1);
INSERT INTO `sys_role_perm` VALUES ('1002748319131680769', 'm:menu4:1:a', 1);
INSERT INTO `sys_role_perm` VALUES ('1002748319131680769', 'm:menu4:1:b', 1);
INSERT INTO `sys_role_perm` VALUES ('1002748319131680769', 'm:menu4:1:c', 1);
INSERT INTO `sys_role_perm` VALUES ('1002748319131680769', 'm:menu4:2', 1);
INSERT INTO `sys_role_perm` VALUES ('999999888888777777', '*', NULL);

-- ----------------------------
-- Table structure for sys_user
-- ----------------------------
DROP TABLE IF EXISTS `sys_user`;
CREATE TABLE `sys_user`  (
  `id` bigint(64) NOT NULL AUTO_INCREMENT COMMENT '用户主键',
  `username` varchar(255) CHARACTER SET utf8 COLLATE utf8_general_ci NOT NULL COMMENT '登陆名称',
  `password` varchar(255) CHARACTER SET utf8 COLLATE utf8_general_ci NOT NULL COMMENT '密码',
  `phone` varchar(255) CHARACTER SET utf8 COLLATE utf8_general_ci NULL DEFAULT NULL COMMENT '手机',
  `vcode` varchar(10) CHARACTER SET utf8 COLLATE utf8_general_ci NOT NULL DEFAULT '' COMMENT '手机验证码',
  `avatar` varchar(255) CHARACTER SET utf8 COLLATE utf8_general_ci NULL DEFAULT NULL COMMENT '用户头像',
  `create_time` datetime(0) NULL DEFAULT NULL COMMENT '创建时间',
  `updated_at` timestamp(0) NOT NULL DEFAULT CURRENT_TIMESTAMP(0) ON UPDATE CURRENT_TIMESTAMP(0),
  `union_id` varchar(64) CHARACTER SET utf8 COLLATE utf8_general_ci NOT NULL DEFAULT '' COMMENT '微信union_id（如果绑定了微信）',
  `status` varchar(4) CHARACTER SET utf8 COLLATE utf8_general_ci NULL DEFAULT NULL COMMENT '用户状态(0不可用1可用)',
  `open_id` varchar(64) CHARACTER SET utf8 COLLATE utf8_general_ci NULL DEFAULT NULL COMMENT '微信的openid',
  PRIMARY KEY (`id`) USING BTREE
) ENGINE = InnoDB AUTO_INCREMENT = 755017058655141888 CHARACTER SET = utf8 COLLATE = utf8_general_ci COMMENT = '用户表' ROW_FORMAT = Dynamic;

-- ----------------------------
-- Records of sys_user
-- ----------------------------
INSERT INTO `sys_user` VALUES (748475026721734656, '18518215883', '123456', '18518215883', '', NULL, '2019-10-30 16:46:16', '2019-10-30 16:46:16', '', NULL, NULL);
INSERT INTO `sys_user` VALUES (755017058655141888, '18618965582', '12323', '18618965582', '', NULL, '2019-11-08 17:24:07', '2019-11-08 17:24:07', '', NULL, NULL);

-- ----------------------------
-- Table structure for sys_user_role
-- ----------------------------
DROP TABLE IF EXISTS `sys_user_role`;
CREATE TABLE `sys_user_role`  (
  `user_id` varchar(25) CHARACTER SET utf8 COLLATE utf8_general_ci NOT NULL,
  `role_id` varchar(25) CHARACTER SET utf8 COLLATE utf8_general_ci NOT NULL,
  PRIMARY KEY (`user_id`, `role_id`) USING BTREE
) ENGINE = InnoDB CHARACTER SET = utf8 COLLATE = utf8_general_ci ROW_FORMAT = Dynamic;

-- ----------------------------
-- Records of sys_user_role
-- ----------------------------
INSERT INTO `sys_user_role` VALUES ('1002748017179541505', '1002748319131680769');
INSERT INTO `sys_user_role` VALUES ('986177923098808322', '999999888888777777');

SET FOREIGN_KEY_CHECKS = 1;
