/*
 Navicat Premium Data Transfer

 Source Server         : ryuntech
 Source Server Type    : MySQL
 Source Server Version : 80017
 Source Host           : localhost:3306
 Source Schema         : ryuntech_su_receivable

 Target Server Type    : MySQL
 Target Server Version : 80017
 File Encoding         : 65001

 Date: 16/10/2019 09:34:33
*/

SET NAMES utf8mb4;
SET FOREIGN_KEY_CHECKS = 0;

-- ----------------------------
-- Table structure for clientdetails
-- ----------------------------
DROP TABLE IF EXISTS `clientdetails`;
CREATE TABLE `clientdetails`  (
  `appId` varchar(256) CHARACTER SET utf8 COLLATE utf8_general_ci NOT NULL,
  `resourceIds` varchar(256) CHARACTER SET utf8 COLLATE utf8_general_ci NULL DEFAULT NULL,
  `appSecret` varchar(256) CHARACTER SET utf8 COLLATE utf8_general_ci NULL DEFAULT NULL,
  `scope` varchar(256) CHARACTER SET utf8 COLLATE utf8_general_ci NULL DEFAULT NULL,
  `grantTypes` varchar(256) CHARACTER SET utf8 COLLATE utf8_general_ci NULL DEFAULT NULL,
  `redirectUrl` varchar(256) CHARACTER SET utf8 COLLATE utf8_general_ci NULL DEFAULT NULL,
  `authorities` varchar(256) CHARACTER SET utf8 COLLATE utf8_general_ci NULL DEFAULT NULL,
  `access_token_validity` int(11) NULL DEFAULT NULL,
  `refresh_token_validity` int(11) NULL DEFAULT NULL,
  `additionalInformation` varchar(4096) CHARACTER SET utf8 COLLATE utf8_general_ci NULL DEFAULT NULL,
  `autoApproveScopes` varchar(256) CHARACTER SET utf8 COLLATE utf8_general_ci NULL DEFAULT NULL,
  PRIMARY KEY (`appId`) USING BTREE
) ENGINE = InnoDB CHARACTER SET = utf8 COLLATE = utf8_general_ci ROW_FORMAT = Dynamic;

-- ----------------------------
-- Table structure for oauth_access_token
-- ----------------------------
DROP TABLE IF EXISTS `oauth_access_token`;
CREATE TABLE `oauth_access_token`  (
  `token_id` varchar(256) CHARACTER SET utf8 COLLATE utf8_general_ci NULL DEFAULT NULL,
  `token` blob NULL,
  `authentication_id` varchar(256) CHARACTER SET utf8 COLLATE utf8_general_ci NOT NULL,
  `user_name` varchar(256) CHARACTER SET utf8 COLLATE utf8_general_ci NULL DEFAULT NULL,
  `client_id` varchar(256) CHARACTER SET utf8 COLLATE utf8_general_ci NULL DEFAULT NULL,
  `authentication` blob NULL,
  `refresh_token` varchar(256) CHARACTER SET utf8 COLLATE utf8_general_ci NULL DEFAULT NULL,
  PRIMARY KEY (`authentication_id`) USING BTREE
) ENGINE = InnoDB CHARACTER SET = utf8 COLLATE = utf8_general_ci ROW_FORMAT = Dynamic;

-- ----------------------------
-- Records of oauth_access_token
-- ----------------------------
INSERT INTO `oauth_access_token` VALUES ('43a618817d94b2e9e77a7239d60968e5', 0xACED0005737200436F72672E737072696E676672616D65776F726B2E73656375726974792E6F61757468322E636F6D6D6F6E2E44656661756C744F4175746832416363657373546F6B656E0CB29E361B24FACE0200064C00156164646974696F6E616C496E666F726D6174696F6E74000F4C6A6176612F7574696C2F4D61703B4C000A65787069726174696F6E7400104C6A6176612F7574696C2F446174653B4C000C72656672657368546F6B656E74003F4C6F72672F737072696E676672616D65776F726B2F73656375726974792F6F61757468322F636F6D6D6F6E2F4F417574683252656672657368546F6B656E3B4C000573636F706574000F4C6A6176612F7574696C2F5365743B4C0009746F6B656E547970657400124C6A6176612F6C616E672F537472696E673B4C000576616C756571007E000578707372001E6A6176612E7574696C2E436F6C6C656374696F6E7324456D7074794D6170593614855ADCE7D002000078707372000E6A6176612E7574696C2E44617465686A81014B597419030000787077080000016DCA775EF57870737200256A6176612E7574696C2E436F6C6C656374696F6E7324556E6D6F6469666961626C65536574801D92D18F9B80550200007872002C6A6176612E7574696C2E436F6C6C656374696F6E7324556E6D6F6469666961626C65436F6C6C656374696F6E19420080CB5EF71E0200014C0001637400164C6A6176612F7574696C2F436F6C6C656374696F6E3B7870737200176A6176612E7574696C2E4C696E6B656448617368536574D86CD75A95DD2A1E020000787200116A6176612E7574696C2E48617368536574BA44859596B8B7340300007870770C000000023F400000000000017400036170707874000662656172657274002431646635646466622D316462382D343339312D393131642D393938663737303434653035, '583aa5feaa7b935410a7c2e7b66b5174', 'ryuntech', 'client', 0xACED0005737200416F72672E737072696E676672616D65776F726B2E73656375726974792E6F61757468322E70726F76696465722E4F417574683241757468656E7469636174696F6EBD400B02166252130200024C000D73746F7265645265717565737474003C4C6F72672F737072696E676672616D65776F726B2F73656375726974792F6F61757468322F70726F76696465722F4F4175746832526571756573743B4C00127573657241757468656E7469636174696F6E7400324C6F72672F737072696E676672616D65776F726B2F73656375726974792F636F72652F41757468656E7469636174696F6E3B787200476F72672E737072696E676672616D65776F726B2E73656375726974792E61757468656E7469636174696F6E2E416273747261637441757468656E7469636174696F6E546F6B656ED3AA287E6E47640E0200035A000D61757468656E746963617465644C000B617574686F7269746965737400164C6A6176612F7574696C2F436F6C6C656374696F6E3B4C000764657461696C737400124C6A6176612F6C616E672F4F626A6563743B787000737200266A6176612E7574696C2E436F6C6C656374696F6E7324556E6D6F6469666961626C654C697374FC0F2531B5EC8E100200014C00046C6973747400104C6A6176612F7574696C2F4C6973743B7872002C6A6176612E7574696C2E436F6C6C656374696F6E7324556E6D6F6469666961626C65436F6C6C656374696F6E19420080CB5EF71E0200014C00016371007E00047870737200136A6176612E7574696C2E41727261794C6973747881D21D99C7619D03000149000473697A657870000000007704000000007871007E000C707372003A6F72672E737072696E676672616D65776F726B2E73656375726974792E6F61757468322E70726F76696465722E4F41757468325265717565737400000000000000010200075A0008617070726F7665644C000B617574686F72697469657371007E00044C000A657874656E73696F6E7374000F4C6A6176612F7574696C2F4D61703B4C000B72656469726563745572697400124C6A6176612F6C616E672F537472696E673B4C00077265667265736874003B4C6F72672F737072696E676672616D65776F726B2F73656375726974792F6F61757468322F70726F76696465722F546F6B656E526571756573743B4C000B7265736F7572636549647374000F4C6A6176612F7574696C2F5365743B4C000D726573706F6E7365547970657371007E0011787200386F72672E737072696E676672616D65776F726B2E73656375726974792E6F61757468322E70726F76696465722E426173655265717565737436287A3EA37169BD0200034C0008636C69656E74496471007E000F4C001172657175657374506172616D657465727371007E000E4C000573636F706571007E00117870740006636C69656E74737200256A6176612E7574696C2E436F6C6C656374696F6E7324556E6D6F6469666961626C654D6170F1A5A8FE74F507420200014C00016D71007E000E7870737200116A6176612E7574696C2E486173684D61700507DAC1C31660D103000246000A6C6F6164466163746F724900097468726573686F6C6478703F400000000000037708000000040000000274000A6772616E745F7479706574000870617373776F7264740008757365726E616D657400087279756E7465636878737200256A6176612E7574696C2E436F6C6C656374696F6E7324556E6D6F6469666961626C65536574801D92D18F9B80550200007871007E0009737200176A6176612E7574696C2E4C696E6B656448617368536574D86CD75A95DD2A1E020000787200116A6176612E7574696C2E48617368536574BA44859596B8B7340300007870770C000000103F4000000000000174000361707078017371007E0020770C000000103F40000000000000787371007E00173F40000000000000770800000010000000007870707371007E0020770C000000103F40000000000000787371007E0020770C000000103F40000000000000787372004F6F72672E737072696E676672616D65776F726B2E73656375726974792E61757468656E7469636174696F6E2E557365726E616D6550617373776F726441757468656E7469636174696F6E546F6B656E00000000000001FE0200024C000B63726564656E7469616C7371007E00054C00097072696E636970616C71007E00057871007E0003017372001F6A6176612E7574696C2E436F6C6C656374696F6E7324456D7074794C6973747AB817B43CA79EDE0200007870737200176A6176612E7574696C2E4C696E6B6564486173684D617034C04E5C106CC0FB0200015A000B6163636573734F726465727871007E00173F400000000000067708000000080000000271007E001971007E001A71007E001B71007E001C78007073720023636F6D2E7279756E746563682E736161732E6170692E6D6F64656C2E537973557365723326971847E677E102000B4C000B617574686F72697469657371007E00084C000661766174617271007E000F4C000A63726561746554696D657400104C6A6176612F7574696C2F446174653B4C0002696471007E000F4C000870617373776F726471007E000F4C00057065726D7371007E00114C000570686F6E6571007E000F4C0008726F6C654C69737471007E00084C0005726F6C657371007E00114C00047276616C71007E000F4C0008757365726E616D6571007E000F78720023636F6D2E7279756E746563682E636F6D6D6F6E2E6D6F64656C2E426173654D6F64656C667DFE605B7856400200014C000870726F706572747971007E000E78707371007E002B3F400000000000007708000000100000000078007074002A687474703A2F2F3132372E302E302E313A343130302F75706C6F61642F3131313638393734302E706E677372000E6A6176612E7574696C2E44617465686A81014B597419030000787077080000016ADEE70050787400133130303237343830313731373935343135303574003C24326124313024764B6F646B70416A58723372565A465839674F32456555354E37634C702E306D7571355336745361693454695669444F616C72634B7371007E0020770C000000103F400000000000007874000B31383531383231353838337371007E000B00000000770400000000787371007E0020770C000000103F4000000000000078707400087279756E74656368, NULL);
INSERT INTO `oauth_access_token` VALUES ('f37a06b4a4b7e697011f916dc83ed2e4', 0xACED0005737200436F72672E737072696E676672616D65776F726B2E73656375726974792E6F61757468322E636F6D6D6F6E2E44656661756C744F4175746832416363657373546F6B656E0CB29E361B24FACE0200064C00156164646974696F6E616C496E666F726D6174696F6E74000F4C6A6176612F7574696C2F4D61703B4C000A65787069726174696F6E7400104C6A6176612F7574696C2F446174653B4C000C72656672657368546F6B656E74003F4C6F72672F737072696E676672616D65776F726B2F73656375726974792F6F61757468322F636F6D6D6F6E2F4F417574683252656672657368546F6B656E3B4C000573636F706574000F4C6A6176612F7574696C2F5365743B4C0009746F6B656E547970657400124C6A6176612F6C616E672F537472696E673B4C000576616C756571007E000578707372001E6A6176612E7574696C2E436F6C6C656374696F6E7324456D7074794D6170593614855ADCE7D002000078707372000E6A6176612E7574696C2E44617465686A81014B597419030000787077080000016D3BCFEAC17870737200256A6176612E7574696C2E436F6C6C656374696F6E7324556E6D6F6469666961626C65536574801D92D18F9B80550200007872002C6A6176612E7574696C2E436F6C6C656374696F6E7324556E6D6F6469666961626C65436F6C6C656374696F6E19420080CB5EF71E0200014C0001637400164C6A6176612F7574696C2F436F6C6C656374696F6E3B7870737200176A6176612E7574696C2E4C696E6B656448617368536574D86CD75A95DD2A1E020000787200116A6176612E7574696C2E48617368536574BA44859596B8B7340300007870770C000000103F400000000000017400036170707874000662656172657274002466383032336636302D366134312D343532342D626537332D613834656465643766366566, '8502edc3f4c61f1000b1932e6a3756f1', 'admin', 'client', 0xACED0005737200416F72672E737072696E676672616D65776F726B2E73656375726974792E6F61757468322E70726F76696465722E4F417574683241757468656E7469636174696F6EBD400B02166252130200024C000D73746F7265645265717565737474003C4C6F72672F737072696E676672616D65776F726B2F73656375726974792F6F61757468322F70726F76696465722F4F4175746832526571756573743B4C00127573657241757468656E7469636174696F6E7400324C6F72672F737072696E676672616D65776F726B2F73656375726974792F636F72652F41757468656E7469636174696F6E3B787200476F72672E737072696E676672616D65776F726B2E73656375726974792E61757468656E7469636174696F6E2E416273747261637441757468656E7469636174696F6E546F6B656ED3AA287E6E47640E0200035A000D61757468656E746963617465644C000B617574686F7269746965737400164C6A6176612F7574696C2F436F6C6C656374696F6E3B4C000764657461696C737400124C6A6176612F6C616E672F4F626A6563743B787000737200266A6176612E7574696C2E436F6C6C656374696F6E7324556E6D6F6469666961626C654C697374FC0F2531B5EC8E100200014C00046C6973747400104C6A6176612F7574696C2F4C6973743B7872002C6A6176612E7574696C2E436F6C6C656374696F6E7324556E6D6F6469666961626C65436F6C6C656374696F6E19420080CB5EF71E0200014C00016371007E00047870737200136A6176612E7574696C2E41727261794C6973747881D21D99C7619D03000149000473697A657870000000007704000000007871007E000C707372003A6F72672E737072696E676672616D65776F726B2E73656375726974792E6F61757468322E70726F76696465722E4F41757468325265717565737400000000000000010200075A0008617070726F7665644C000B617574686F72697469657371007E00044C000A657874656E73696F6E7374000F4C6A6176612F7574696C2F4D61703B4C000B72656469726563745572697400124C6A6176612F6C616E672F537472696E673B4C00077265667265736874003B4C6F72672F737072696E676672616D65776F726B2F73656375726974792F6F61757468322F70726F76696465722F546F6B656E526571756573743B4C000B7265736F7572636549647374000F4C6A6176612F7574696C2F5365743B4C000D726573706F6E7365547970657371007E0011787200386F72672E737072696E676672616D65776F726B2E73656375726974792E6F61757468322E70726F76696465722E426173655265717565737436287A3EA37169BD0200034C0008636C69656E74496471007E000F4C001172657175657374506172616D657465727371007E000E4C000573636F706571007E00117870740006636C69656E74737200256A6176612E7574696C2E436F6C6C656374696F6E7324556E6D6F6469666961626C654D6170F1A5A8FE74F507420200014C00016D71007E000E7870737200116A6176612E7574696C2E486173684D61700507DAC1C31660D103000246000A6C6F6164466163746F724900097468726573686F6C6478703F400000000000037708000000040000000274000A6772616E745F7479706574000870617373776F7264740008757365726E616D6574000561646D696E78737200256A6176612E7574696C2E436F6C6C656374696F6E7324556E6D6F6469666961626C65536574801D92D18F9B80550200007871007E0009737200176A6176612E7574696C2E4C696E6B656448617368536574D86CD75A95DD2A1E020000787200116A6176612E7574696C2E48617368536574BA44859596B8B7340300007870770C000000103F4000000000000174000361707078017371007E0020770C000000103F40000000000000787371007E00173F40000000000000770800000010000000007870707371007E0020770C000000103F40000000000000787371007E0020770C000000103F40000000000000787372004F6F72672E737072696E676672616D65776F726B2E73656375726974792E61757468656E7469636174696F6E2E557365726E616D6550617373776F726441757468656E7469636174696F6E546F6B656E00000000000001FE0200024C000B63726564656E7469616C7371007E00054C00097072696E636970616C71007E00057871007E0003017372001F6A6176612E7574696C2E436F6C6C656374696F6E7324456D7074794C6973747AB817B43CA79EDE0200007870737200176A6176612E7574696C2E4C696E6B6564486173684D617034C04E5C106CC0FB0200015A000B6163636573734F726465727871007E00173F400000000000067708000000080000000271007E001971007E001A71007E001B71007E001C78007073720023636F6D2E7279756E746563682E736161732E6170692E6D6F64656C2E537973557365723326971847E677E102000B4C000B617574686F72697469657371007E00084C000661766174617271007E000F4C000A63726561746554696D657400104C6A6176612F7574696C2F446174653B4C0002696471007E000F4C000870617373776F726471007E000F4C00057065726D7371007E00114C000570686F6E6571007E000F4C0008726F6C654C69737471007E00084C0005726F6C657371007E00114C00047276616C71007E000F4C0008757365726E616D6571007E000F78720023636F6D2E7279756E746563682E636F6D6D6F6E2E6D6F64656C2E426173654D6F64656C667DFE605B7856400200014C000870726F706572747971007E000E78707371007E002B3F400000000000007708000000100000000078007074002A687474703A2F2F3132372E302E302E313A343130302F75706C6F61642F3131313638393734302E706E677372000E6A6176612E7574696C2E44617465686A81014B597419030000787077080000016AE83CE0E87874001239383631373739323330393838303833323274003C243261243130247A56416630326E672E5978474B313446385269712F754C734E4C412E74555962763551545070514E6E7844666E454558573075704B7371007E0020770C000000103F400000000000007874000B31383531383231353838367371007E000B00000000770400000000787371007E0020770C000000103F40000000000000787074000561646D696E, NULL);
INSERT INTO `oauth_access_token` VALUES ('9c1a33b863c61b158c0391012528cbb1', 0xACED0005737200436F72672E737072696E676672616D65776F726B2E73656375726974792E6F61757468322E636F6D6D6F6E2E44656661756C744F4175746832416363657373546F6B656E0CB29E361B24FACE0200064C00156164646974696F6E616C496E666F726D6174696F6E74000F4C6A6176612F7574696C2F4D61703B4C000A65787069726174696F6E7400104C6A6176612F7574696C2F446174653B4C000C72656672657368546F6B656E74003F4C6F72672F737072696E676672616D65776F726B2F73656375726974792F6F61757468322F636F6D6D6F6E2F4F417574683252656672657368546F6B656E3B4C000573636F706574000F4C6A6176612F7574696C2F5365743B4C0009746F6B656E547970657400124C6A6176612F6C616E672F537472696E673B4C000576616C756571007E000578707372001E6A6176612E7574696C2E436F6C6C656374696F6E7324456D7074794D6170593614855ADCE7D002000078707372000E6A6176612E7574696C2E44617465686A81014B597419030000787077080000016D0D539B797870737200256A6176612E7574696C2E436F6C6C656374696F6E7324556E6D6F6469666961626C65536574801D92D18F9B80550200007872002C6A6176612E7574696C2E436F6C6C656374696F6E7324556E6D6F6469666961626C65436F6C6C656374696F6E19420080CB5EF71E0200014C0001637400164C6A6176612F7574696C2F436F6C6C656374696F6E3B7870737200176A6176612E7574696C2E4C696E6B656448617368536574D86CD75A95DD2A1E020000787200116A6176612E7574696C2E48617368536574BA44859596B8B7340300007870770C000000023F400000000000017400036170707874000662656172657274002466313534646666382D396465342D346138642D626262642D386364383039646532383935, 'c6757e6dd3fd566e44b58adaca50da0d', 'tycoding', 'client', 0xACED0005737200416F72672E737072696E676672616D65776F726B2E73656375726974792E6F61757468322E70726F76696465722E4F417574683241757468656E7469636174696F6EBD400B02166252130200024C000D73746F7265645265717565737474003C4C6F72672F737072696E676672616D65776F726B2F73656375726974792F6F61757468322F70726F76696465722F4F4175746832526571756573743B4C00127573657241757468656E7469636174696F6E7400324C6F72672F737072696E676672616D65776F726B2F73656375726974792F636F72652F41757468656E7469636174696F6E3B787200476F72672E737072696E676672616D65776F726B2E73656375726974792E61757468656E7469636174696F6E2E416273747261637441757468656E7469636174696F6E546F6B656ED3AA287E6E47640E0200035A000D61757468656E746963617465644C000B617574686F7269746965737400164C6A6176612F7574696C2F436F6C6C656374696F6E3B4C000764657461696C737400124C6A6176612F6C616E672F4F626A6563743B787000737200266A6176612E7574696C2E436F6C6C656374696F6E7324556E6D6F6469666961626C654C697374FC0F2531B5EC8E100200014C00046C6973747400104C6A6176612F7574696C2F4C6973743B7872002C6A6176612E7574696C2E436F6C6C656374696F6E7324556E6D6F6469666961626C65436F6C6C656374696F6E19420080CB5EF71E0200014C00016371007E00047870737200136A6176612E7574696C2E41727261794C6973747881D21D99C7619D03000149000473697A65787000000001770400000001737200426F72672E737072696E676672616D65776F726B2E73656375726974792E636F72652E617574686F726974792E53696D706C654772616E746564417574686F7269747900000000000001FE0200014C0004726F6C657400124C6A6176612F6C616E672F537472696E673B787074000541444D494E7871007E000C707372003A6F72672E737072696E676672616D65776F726B2E73656375726974792E6F61757468322E70726F76696465722E4F41757468325265717565737400000000000000010200075A0008617070726F7665644C000B617574686F72697469657371007E00044C000A657874656E73696F6E7374000F4C6A6176612F7574696C2F4D61703B4C000B726564697265637455726971007E000E4C00077265667265736874003B4C6F72672F737072696E676672616D65776F726B2F73656375726974792F6F61757468322F70726F76696465722F546F6B656E526571756573743B4C000B7265736F7572636549647374000F4C6A6176612F7574696C2F5365743B4C000D726573706F6E7365547970657371007E0014787200386F72672E737072696E676672616D65776F726B2E73656375726974792E6F61757468322E70726F76696465722E426173655265717565737436287A3EA37169BD0200034C0008636C69656E74496471007E000E4C001172657175657374506172616D657465727371007E00124C000573636F706571007E00147870740006636C69656E74737200256A6176612E7574696C2E436F6C6C656374696F6E7324556E6D6F6469666961626C654D6170F1A5A8FE74F507420200014C00016D71007E00127870737200116A6176612E7574696C2E486173684D61700507DAC1C31660D103000246000A6C6F6164466163746F724900097468726573686F6C6478703F400000000000037708000000040000000274000A6772616E745F7479706574000870617373776F7264740008757365726E616D657400087479636F64696E6778737200256A6176612E7574696C2E436F6C6C656374696F6E7324556E6D6F6469666961626C65536574801D92D18F9B80550200007871007E0009737200176A6176612E7574696C2E4C696E6B656448617368536574D86CD75A95DD2A1E020000787200116A6176612E7574696C2E48617368536574BA44859596B8B7340300007870770C000000103F4000000000000174000361707078017371007E0023770C000000103F40000000000000787371007E001A3F40000000000000770800000010000000007870707371007E0023770C000000103F40000000000000787371007E0023770C000000103F40000000000000787372004F6F72672E737072696E676672616D65776F726B2E73656375726974792E61757468656E7469636174696F6E2E557365726E616D6550617373776F726441757468656E7469636174696F6E546F6B656E00000000000001FE0200024C000B63726564656E7469616C7371007E00054C00097072696E636970616C71007E00057871007E0003017371007E00077371007E000B0000000177040000000171007E000F7871007E002D737200176A6176612E7574696C2E4C696E6B6564486173684D617034C04E5C106CC0FB0200015A000B6163636573734F726465727871007E001A3F400000000000067708000000080000000271007E001C71007E001D71007E001E71007E001F78007073720025636F6D2E7279756E746563682E61646D696E2E6170692E636F6E6669672E53637455736572A5F9743CE788CD540200014C000269647400104C6A6176612F6C616E672F4C6F6E673B787200326F72672E737072696E676672616D65776F726B2E73656375726974792E636F72652E7573657264657461696C732E5573657200000000000001FE0200075A00116163636F756E744E6F6E457870697265645A00106163636F756E744E6F6E4C6F636B65645A001563726564656E7469616C734E6F6E457870697265645A0007656E61626C65644C000B617574686F72697469657371007E00144C000870617373776F726471007E000E4C0008757365726E616D6571007E000E7870010101017371007E0020737200116A6176612E7574696C2E54726565536574DD98509395ED875B0300007870737200466F72672E737072696E676672616D65776F726B2E73656375726974792E636F72652E7573657264657461696C732E5573657224417574686F72697479436F6D70617261746F7200000000000001FE020000787077040000000171007E000F78707400087479636F64696E677372000E6A6176612E6C616E672E4C6F6E673B8BE490CC8F23DF0200014A000576616C7565787200106A6176612E6C616E672E4E756D62657286AC951D0B94E08B02000078700000000000000001, NULL);

-- ----------------------------
-- Table structure for oauth_approvals
-- ----------------------------
DROP TABLE IF EXISTS `oauth_approvals`;
CREATE TABLE `oauth_approvals`  (
  `userId` varchar(256) CHARACTER SET utf8 COLLATE utf8_general_ci NULL DEFAULT NULL,
  `clientId` varchar(256) CHARACTER SET utf8 COLLATE utf8_general_ci NULL DEFAULT NULL,
  `scope` varchar(256) CHARACTER SET utf8 COLLATE utf8_general_ci NULL DEFAULT NULL,
  `status` varchar(10) CHARACTER SET utf8 COLLATE utf8_general_ci NULL DEFAULT NULL,
  `expiresAt` timestamp(0) NULL DEFAULT NULL,
  `lastModifiedAt` timestamp(0) NULL DEFAULT NULL
) ENGINE = InnoDB CHARACTER SET = utf8 COLLATE = utf8_general_ci ROW_FORMAT = Dynamic;

-- ----------------------------
-- Table structure for oauth_client_details
-- ----------------------------
DROP TABLE IF EXISTS `oauth_client_details`;
CREATE TABLE `oauth_client_details`  (
  `client_id` varchar(256) CHARACTER SET utf8 COLLATE utf8_general_ci NOT NULL,
  `resource_ids` varchar(256) CHARACTER SET utf8 COLLATE utf8_general_ci NULL DEFAULT NULL,
  `client_secret` varchar(256) CHARACTER SET utf8 COLLATE utf8_general_ci NULL DEFAULT NULL,
  `scope` varchar(256) CHARACTER SET utf8 COLLATE utf8_general_ci NULL DEFAULT NULL,
  `authorized_grant_types` varchar(256) CHARACTER SET utf8 COLLATE utf8_general_ci NULL DEFAULT NULL,
  `web_server_redirect_uri` varchar(256) CHARACTER SET utf8 COLLATE utf8_general_ci NULL DEFAULT NULL,
  `authorities` varchar(256) CHARACTER SET utf8 COLLATE utf8_general_ci NULL DEFAULT NULL,
  `access_token_validity` int(11) NULL DEFAULT NULL,
  `refresh_token_validity` int(11) NULL DEFAULT NULL,
  `additional_information` varchar(4096) CHARACTER SET utf8 COLLATE utf8_general_ci NULL DEFAULT NULL,
  `autoapprove` varchar(256) CHARACTER SET utf8 COLLATE utf8_general_ci NULL DEFAULT NULL,
  PRIMARY KEY (`client_id`) USING BTREE
) ENGINE = InnoDB CHARACTER SET = utf8 COLLATE = utf8_general_ci ROW_FORMAT = Dynamic;

-- ----------------------------
-- Records of oauth_client_details
-- ----------------------------
INSERT INTO `oauth_client_details` VALUES ('client', NULL, '$2a$10$22emI3a6/w3a4ZZIa0.pY.dvLsyx4GH.he37wULtW8nJ.TeiGUpC6', 'app', 'password', 'http://ryuntech.com', NULL, NULL, NULL, NULL, NULL);

-- ----------------------------
-- Table structure for oauth_client_token
-- ----------------------------
DROP TABLE IF EXISTS `oauth_client_token`;
CREATE TABLE `oauth_client_token`  (
  `token_id` varchar(256) CHARACTER SET utf8 COLLATE utf8_general_ci NULL DEFAULT NULL,
  `token` blob NULL,
  `authentication_id` varchar(256) CHARACTER SET utf8 COLLATE utf8_general_ci NOT NULL,
  `user_name` varchar(256) CHARACTER SET utf8 COLLATE utf8_general_ci NULL DEFAULT NULL,
  `client_id` varchar(256) CHARACTER SET utf8 COLLATE utf8_general_ci NULL DEFAULT NULL,
  PRIMARY KEY (`authentication_id`) USING BTREE
) ENGINE = InnoDB CHARACTER SET = utf8 COLLATE = utf8_general_ci ROW_FORMAT = Dynamic;

-- ----------------------------
-- Table structure for oauth_code
-- ----------------------------
DROP TABLE IF EXISTS `oauth_code`;
CREATE TABLE `oauth_code`  (
  `code` varchar(256) CHARACTER SET utf8 COLLATE utf8_general_ci NULL DEFAULT NULL,
  `authentication` blob NULL
) ENGINE = InnoDB CHARACTER SET = utf8 COLLATE = utf8_general_ci ROW_FORMAT = Dynamic;

-- ----------------------------
-- Table structure for oauth_refresh_token
-- ----------------------------
DROP TABLE IF EXISTS `oauth_refresh_token`;
CREATE TABLE `oauth_refresh_token`  (
  `token_id` varchar(256) CHARACTER SET utf8 COLLATE utf8_general_ci NULL DEFAULT NULL,
  `token` blob NULL,
  `authentication` blob NULL
) ENGINE = InnoDB CHARACTER SET = utf8 COLLATE = utf8_general_ci ROW_FORMAT = Dynamic;

-- ----------------------------
-- Table structure for ryn_address
-- ----------------------------
DROP TABLE IF EXISTS `ryn_address`;
CREATE TABLE `ryn_address`  (
  `ID` varchar(16) CHARACTER SET utf8 COLLATE utf8_general_ci NOT NULL COMMENT '地址id',
  `NAME` varchar(100) CHARACTER SET utf8 COLLATE utf8_general_ci NULL DEFAULT NULL COMMENT '地址文本',
  `PID` varchar(16) CHARACTER SET utf8 COLLATE utf8_general_ci NULL DEFAULT NULL COMMENT '父级地址id',
  `ARRPARENTID` varchar(255) CHARACTER SET utf8 COLLATE utf8_general_ci NULL DEFAULT NULL COMMENT '父管辖范围地址编号',
  `CHILD` varchar(10) CHARACTER SET utf8 COLLATE utf8_general_ci NULL DEFAULT NULL,
  `ARRCHILDID` varchar(2000) CHARACTER SET utf8 COLLATE utf8_general_ci NULL DEFAULT NULL COMMENT '管辖范围地址编号',
  `LISTORDER` varchar(10) CHARACTER SET utf8 COLLATE utf8_general_ci NULL DEFAULT NULL,
  `STATUS` varchar(10) CHARACTER SET utf8 COLLATE utf8_general_ci NULL DEFAULT NULL COMMENT '增加状态 0:不可用 ，1 可用',
  `AREA_SPELL` varchar(150) CHARACTER SET utf8 COLLATE utf8_general_ci NULL DEFAULT NULL,
  `AREA_FLAG` varchar(10) CHARACTER SET utf8 COLLATE utf8_general_ci NULL DEFAULT NULL,
  `ZIP` varchar(6) CHARACTER SET utf8 COLLATE utf8_general_ci NULL DEFAULT NULL COMMENT '地址邮编',
  PRIMARY KEY (`ID`) USING BTREE
) ENGINE = InnoDB CHARACTER SET = utf8 COLLATE = utf8_general_ci ROW_FORMAT = Dynamic;

-- ----------------------------
-- Table structure for ryn_customer_user_info
-- ----------------------------
DROP TABLE IF EXISTS `ryn_customer_user_info`;
CREATE TABLE `ryn_customer_user_info`  (
  `CUSTOMER_ID` varchar(64) CHARACTER SET utf8mb4 COLLATE utf8mb4_bin NOT NULL COMMENT '客户编号',
  `CUSTOMER_NAME` varchar(255) CHARACTER SET utf8mb4 COLLATE utf8mb4_bin NULL DEFAULT NULL COMMENT '客户姓名',
  `CONTACTS` varchar(255) CHARACTER SET utf8mb4 COLLATE utf8mb4_bin NULL DEFAULT NULL COMMENT '联系人',
  `CONTACTS_PHONE` varchar(32) CHARACTER SET utf8mb4 COLLATE utf8mb4_bin NULL DEFAULT NULL COMMENT '联系电话',
  `STAFF_ID` varchar(64) CHARACTER SET utf8mb4 COLLATE utf8mb4_bin NULL DEFAULT NULL COMMENT '负责员工编号',
  `STAFF_NAME` varchar(255) CHARACTER SET utf8mb4 COLLATE utf8mb4_bin NULL DEFAULT NULL COMMENT '负责员工姓名',
  `DEPARTMENT` varchar(255) CHARACTER SET utf8mb4 COLLATE utf8mb4_bin NULL DEFAULT NULL COMMENT '部门',
  `ADDRESS` varchar(255) CHARACTER SET utf8mb4 COLLATE utf8mb4_bin NULL DEFAULT NULL,
  `PROVINCE_ID` int(10) unsigned NOT NULL DEFAULT '0' COMMENT '省份ID',
  `CITY_ID` int(10) unsigned NOT NULL DEFAULT '0' COMMENT '城主ID',
  `DISTRICT_ID` int(10) unsigned NOT NULL DEFAULT '0' COMMENT '区ID',
  `ADDRESS` varchar(200) NOT NULL DEFAULT '' COMMENT '详细地址',
  PRIMARY KEY (`CUSTOMER_ID`) USING BTREE
) ENGINE = InnoDB CHARACTER SET = utf8mb4 COLLATE = utf8mb4_bin COMMENT = '客户信息表' ROW_FORMAT = Dynamic;

-- ----------------------------
-- Table structure for ryn_department
-- ----------------------------
DROP TABLE IF EXISTS `ryn_department`;
CREATE TABLE `ryn_department`  (
  `DEPARTMENT_ID` varchar(64) CHARACTER SET utf8 COLLATE utf8_general_ci NOT NULL,
  `COMPANY_ID` varchar(255) CHARACTER SET utf8 COLLATE utf8_general_ci NOT NULL COMMENT '所属公司ID',
  `DEPARTMENT_NAME` varchar(255) CHARACTER SET utf8 COLLATE utf8_general_ci NULL DEFAULT NULL COMMENT '部门名称',,
  `LEVEL` varchar(4) CHARACTER SET utf8 COLLATE utf8_general_ci NULL DEFAULT NULL COMMENT '部门级别',
  `PID` varchar(64) CHARACTER SET utf8 COLLATE utf8_general_ci NULL DEFAULT NULL COMMENT '父级ID',
  `UPDATED_AT` timestamp NOT NULL DEFAULT CURRENT_TIMESTAMP ON UPDATE CURRENT_TIMESTAMP,
  `CREATED_AT` timestamp NOT NULL DEFAULT '0000-00-00 00:00:00',
) ENGINE=InnoDB DEFAULT CHARSET=utf8 COMMENT='公司部门表';

-- ----------------------------
-- Table structure for ryn_employee
-- ----------------------------
DROP TABLE IF EXISTS `ryn_employee`;
CREATE TABLE `ryn_employee`  (
  `EMPLOYEE_ID` varchar(64) CHARACTER SET utf8 COLLATE utf8_general_ci NOT NULL COMMENT '职工编号',
  `USER_ID` varchar(64) CHARACTER SET utf8 COLLATE utf8_general_ci NULL DEFAULT NULL COMMENT '用户编号',
  `NAME` varchar(255) CHARACTER SET utf8 COLLATE utf8_general_ci NULL DEFAULT NULL COMMENT '职工姓名',
  `COMPANY_ID` varchar(255) CHARACTER SET utf8 COLLATE utf8_general_ci NULL DEFAULT NULL COMMENT '公司编号',
  `DEPARTMENT_ID` varchar(64) UNSIGNED NOT NULL DEFAULT '0' COMMENT '所属部门ID',
  `MOBILE` varchar(20) NOT NULL DEFAULT '' COMMENT '手机号（和登录手机号相同？）',
  `EMAIL` varchar(100) NOT NULL DEFAULT '' COMMENT '邮箱',
  `STATUS` tinyint(4) NOT NULL DEFAULT '0' COMMENT '帐号状态 0-正常 1-禁用',
  `COMPANY_NAME` varchar(255) CHARACTER SET utf8 COLLATE utf8_general_ci NULL DEFAULT NULL COMMENT '公司姓名',
  `UPDATED_AT` timestamp NOT NULL DEFAULT CURRENT_TIMESTAMP ON UPDATE CURRENT_TIMESTAMP,
  `CREATED_AT` timestamp NOT NULL DEFAULT '0000-00-00 00:00:00',
  PRIMARY KEY (`EMPLOYEE_ID`) USING BTREE
) ENGINE=InnoDB DEFAULT CHARSET=utf8 COMMENT='公司职员表';


-- ----------------------------
-- Table structure for sys_perm
-- ----------------------------
DROP TABLE IF EXISTS `sys_perm`;
CREATE TABLE `sys_perm`  (
  `pval` varchar(50) CHARACTER SET utf8 COLLATE utf8_general_ci NOT NULL COMMENT '权限值，shiro的权限控制表达式(路由)',
  `parent` varchar(25) CHARACTER SET utf8 COLLATE utf8_general_ci NULL DEFAULT NULL COMMENT '父权限id',
  `pname` varchar(50) CHARACTER SET utf8 COLLATE utf8_general_ci NULL DEFAULT NULL COMMENT '权限名称',
  `ptype` int(3) NULL DEFAULT NULL COMMENT '权限类型：1.菜单 2.按钮 3.接口 4.特殊',
  `leaf` tinyint(1) NULL DEFAULT NULL COMMENT '是否叶子节点',
  `created` timestamp(0) NULL DEFAULT NULL COMMENT '创建时间',
  `updated` timestamp(0) NULL DEFAULT NULL COMMENT '修改时间',
  PRIMARY KEY (`pval`) USING BTREE,
  UNIQUE INDEX `pval`(`pval`) USING BTREE
) ENGINE=InnoDB DEFAULT CHARSET=utf8 COMMENT='权限表';

-- ----------------------------
-- Table structure for sys_role
-- ----------------------------
DROP TABLE IF EXISTS `sys_role`;
CREATE TABLE `sys_role`  (
  `rid` varchar(25) CHARACTER SET utf8 COLLATE utf8_general_ci NOT NULL COMMENT '角色id',
  `rname` varchar(50) CHARACTER SET utf8 COLLATE utf8_general_ci NULL DEFAULT NULL COMMENT '角色名，用于显示',
  `rdesc` varchar(100) CHARACTER SET utf8 COLLATE utf8_general_ci NULL DEFAULT NULL COMMENT '角色描述',
  `rval` varchar(100) CHARACTER SET utf8 COLLATE utf8_general_ci NOT NULL COMMENT '角色值，用于权限判断',
  `company_id` varchar(64) unsigned NOT NULL DEFAULT '0' COMMENT '所属公司ID',
  `created` timestamp(0) NULL DEFAULT NULL COMMENT '创建时间',
  `updated` timestamp(0) NULL DEFAULT NULL COMMENT '修改时间',
  PRIMARY KEY (`rid`) USING BTREE,
  UNIQUE INDEX `rval`(`rval`) USING BTREE
) ENGINE=InnoDB DEFAULT CHARSET=utf8 COMMENT='角色表';



DROP TABLE IF EXISTS `ryn_employee_role`;
CREATE TABLE `ryn_employee_role` (
  `id` varchar(64) unsigned NOT NULL AUTO_INCREMENT COMMENT 'ID，自动增长',
  `employee_id` varchar(64) NOT NULL DEFAULT '0' COMMENT '职员ID',
  `role_id` varchar(25) NOT NULL DEFAULT '0' COMMENT '角色ID',
  `updated_at` timestamp NOT NULL DEFAULT CURRENT_TIMESTAMP ON UPDATE CURRENT_TIMESTAMP COMMENT '更新时间',
  `created_at` timestamp NOT NULL DEFAULT '0000-00-00 00:00:00' COMMENT '创建时间',
  PRIMARY KEY (`id`),
  KEY `employee_id` (`employee_id`) USING BTREE
) ENGINE=InnoDB DEFAULT CHARSET=utf8mb4 COLLATE=utf8mb4_unicode_ci COMMENT='职员-角色关联表';


-- ----------------------------
-- Table structure for sys_role_perm
-- ----------------------------
DROP TABLE IF EXISTS `sys_role_perm`;
CREATE TABLE `sys_role_perm`  (
  `role_id` varchar(25) CHARACTER SET utf8 COLLATE utf8_general_ci NOT NULL,
  `perm_val` varchar(25) CHARACTER SET utf8 COLLATE utf8_general_ci NOT NULL,
  `perm_type` int(5) NULL DEFAULT NULL,
  PRIMARY KEY (`role_id`, `perm_val`) USING BTREE
) ENGINE=InnoDB DEFAULT CHARSET=utf8 COMMENT='角色权限关联表';


-- ----------------------------
-- Table structure for sys_user
-- ----------------------------
DROP TABLE IF EXISTS `sys_user`;
CREATE TABLE `sys_user`  (
  `id` bigint(64) NOT NULL AUTO_INCREMENT COMMENT '用户主键',
  `username` varchar(255) CHARACTER SET utf8 COLLATE utf8_general_ci NOT NULL COMMENT '登陆名称',
  `password` varchar(255) CHARACTER SET utf8 COLLATE utf8_general_ci NOT NULL COMMENT '密码',
  `phone` varchar(255) CHARACTER SET utf8 COLLATE utf8_general_ci NULL DEFAULT NULL COMMENT '手机',
  `vcode` varchar(10) NOT NULL DEFAULT '' COMMENT '手机验证码',
  `avatar` varchar(255) CHARACTER SET utf8 COLLATE utf8_general_ci NULL DEFAULT NULL COMMENT '用户头像',
  `create_time` datetime(0) NULL DEFAULT NULL COMMENT '创建时间',
  `updated_at` timestamp NOT NULL DEFAULT CURRENT_TIMESTAMP ON UPDATE CURRENT_TIMESTAMP,
  `union_id` varchar(64) NOT NULL DEFAULT '' COMMENT '微信union_id（如果绑定了微信）',
  PRIMARY KEY (`id`) USING BTREE
) ENGINE=InnoDB DEFAULT CHARSET=utf8 COMMENT='用户表';

-- ----------------------------
-- Table structure for ryn_user_wechat
-- ----------------------------
DROP TABLE IF EXISTS `ryn_user_wechat`;
CREATE TABLE `ryn_user_wechat` (
  `id` int(64) unsigned NOT NULL AUTO_INCREMENT,
  `user_id` varchar(64) NOT NULL DEFAULT '' COMMENT '关联用户表主键',
  `union_id` varchar(64) NOT NULL DEFAULT '' COMMENT '微信Union_id',
  `miniprogram_openid` varchar(64) NOT NULL DEFAULT '' COMMENT '小程序openid',
  `gongzhonghao_openid` varchar(64) NOT NULL DEFAULT '' COMMENT '公众号openid',
  `subscribe` tinyint(1) NOT NULL DEFAULT '0' COMMENT '用户是否关注公众号 0-未关注 1-已关注',
  `nickname` varchar(30) NOT NULL DEFAULT '' COMMENT '昵称',
  `sex` tinyint(1) NOT NULL DEFAULT '0' COMMENT '性别 1 男，2女，0未知',
  `province` varchar(20) NOT NULL DEFAULT '' COMMENT '省',
  `city` varchar(20) NOT NULL DEFAULT '' COMMENT '城市',
  `country` varchar(20) NOT NULL DEFAULT '' COMMENT '国家',
  `headimgurl` varchar(200) NOT NULL DEFAULT '' COMMENT '头像',
  `language` varchar(30) NOT NULL DEFAULT '' COMMENT '用户的语言，简体中文为zh_CN',
  `subscribe_time` int(11) NOT NULL DEFAULT '0' COMMENT '用户关注时间，为时间戳。如果用户曾多次关注，则取最后关注时间',
  `remark` varchar(200) NOT NULL DEFAULT '' COMMENT '公众号运营者对粉丝的备注',
  `groupid` int(11) NOT NULL DEFAULT '0' COMMENT '用户所在分组',
  `subscribe_scene` varchar(20) NOT NULL DEFAULT '' COMMENT '用户关注的渠道来源',
  `tagid_list` varchar(30) NOT NULL DEFAULT '' COMMENT '用户被打上的标签ID列表',
  `qr_scene` varchar(30) NOT NULL DEFAULT '' COMMENT '二维码扫码场景',
  `qr_scene_str` varchar(50) NOT NULL DEFAULT '' COMMENT '二维码扫码场景描述',
  `updated_at` timestamp NOT NULL DEFAULT CURRENT_TIMESTAMP ON UPDATE CURRENT_TIMESTAMP COMMENT '最后更新时间',
  `created_at` timestamp NOT NULL DEFAULT '0000-00-00 00:00:00' COMMENT '创建时间',
  PRIMARY KEY (`id`)
) ENGINE=InnoDB AUTO_INCREMENT=3 DEFAULT CHARSET=utf8mb4 ROW_FORMAT=DYNAMIC COMMENT='用户微信信息表';


-- ----------------------------
-- Records of sys_perm
-- ----------------------------
INSERT INTO `sys_perm` VALUES ('*', NULL, '所有权限', 0, NULL, '2018-04-19 18:14:12', NULL);
INSERT INTO `sys_perm` VALUES ('a:auth', NULL, '登录模块', 3, 1, NULL, NULL);
INSERT INTO `sys_perm` VALUES ('a:gradleBuild', 'a:test', '构建gradle', 3, 1, NULL, NULL);
INSERT INTO `sys_perm` VALUES ('a:mvn:install', 'a:test', 'mvnInstall', 3, 1, NULL, NULL);
INSERT INTO `sys_perm` VALUES ('a:option', NULL, '选项模块', 3, 1, NULL, NULL);
INSERT INTO `sys_perm` VALUES ('a:perm:query', 'a:sys:perm', '查询sys_perm', 3, 1, NULL, NULL);
INSERT INTO `sys_perm` VALUES ('a:perm:update', 'a:sys:perm', 'update', 3, 1, NULL, NULL);
INSERT INTO `sys_perm` VALUES ('a:role:query', 'a:sys:role', 'query', 3, 1, NULL, NULL);
INSERT INTO `sys_perm` VALUES ('a:role:update', 'a:sys:role', 'update', 3, 1, NULL, NULL);
INSERT INTO `sys_perm` VALUES ('a:sys:perm', NULL, '系统权限模块', 3, 0, NULL, NULL);
INSERT INTO `sys_perm` VALUES ('a:sys:role', NULL, '系统角色模块', 3, 0, NULL, NULL);
INSERT INTO `sys_perm` VALUES ('a:sys:接口', NULL, '系统用户模块', 3, 1, NULL, NULL);
INSERT INTO `sys_perm` VALUES ('a:test', NULL, '测试模块模块', 3, 0, NULL, NULL);
INSERT INTO `sys_perm` VALUES ('b:ce', 'm:menu3:3', 'ce', 2, NULL, '2019-09-14 17:37:43', NULL);
INSERT INTO `sys_perm` VALUES ('b:user:add', 'm:sys:user', '添加用户', 2, NULL, '2018-06-02 11:00:37', NULL);
INSERT INTO `sys_perm` VALUES ('b:user:delete', 'm:sys:user', '删除用户', 2, NULL, '2018-06-02 11:00:56', NULL);
INSERT INTO `sys_perm` VALUES ('m:menu3', NULL, '菜单3', 1, 0, NULL, NULL);
INSERT INTO `sys_perm` VALUES ('m:menu3:1', 'm:menu3', '菜单3-1', 1, 1, NULL, NULL);
INSERT INTO `sys_perm` VALUES ('m:menu3:2', 'm:menu3', '菜单3-2', 1, 1, NULL, NULL);
INSERT INTO `sys_perm` VALUES ('m:menu3:3', 'm:menu3', '菜单3-3', 1, 1, NULL, NULL);
INSERT INTO `sys_perm` VALUES ('m:menu3:4', 'm:menu3', '测试', 2, NULL, '2019-09-14 17:31:25', NULL);
INSERT INTO `sys_perm` VALUES ('m:menu4', NULL, '菜单4', 1, 0, NULL, NULL);
INSERT INTO `sys_perm` VALUES ('m:menu4:1', 'm:menu4', '菜单4-1', 1, 0, NULL, NULL);
INSERT INTO `sys_perm` VALUES ('m:menu4:1:a', 'm:menu4:1', '菜单4-1-a', 1, 1, NULL, NULL);
INSERT INTO `sys_perm` VALUES ('m:menu4:1:b', 'm:menu4:1', '菜单4-1-b', 1, 1, NULL, NULL);
INSERT INTO `sys_perm` VALUES ('m:menu4:1:c', 'm:menu4:1', '菜单4-1-c', 1, 1, NULL, NULL);
INSERT INTO `sys_perm` VALUES ('m:menu4:2', 'm:menu4', '菜单4-2', 1, 1, NULL, NULL);

-- ----------------------------
-- Records of sys_role
-- ----------------------------
INSERT INTO `sys_role` VALUES ('1002748319131680769', '普通用户', '具有一般的权限，不具备系统菜单权限', 'common', '2018-06-02 11:06:44', '2019-09-13 16:09:45');
INSERT INTO `sys_role` VALUES ('1002806178141937666', '财务', '拥有财务相关权限', 'finance', '2018-06-02 14:56:39', NULL);
INSERT INTO `sys_role` VALUES ('1002806220860923906', '仓管', '拥有财务相关权限', 'stock', '2018-06-02 14:56:49', NULL);
INSERT INTO `sys_role` VALUES ('1002806266750803970', '销售', '拥有财务相关权限', 'sale', '2018-06-02 14:57:00', NULL);
INSERT INTO `sys_role` VALUES ('1002807171923550210', '文员', '拥有文员相关的权限', 'stuff', '2018-06-02 15:00:36', NULL);
INSERT INTO `sys_role` VALUES ('999999888888777777', '超级管理员', '具有本系统中最高权限', 'root', '2018-04-19 17:34:33', NULL);


-- ----------------------------
-- Records of sys_role_perm
-- ----------------------------
INSERT INTO `sys_role_perm` VALUES ('1002748319131680769', 'a:perm:update', 3);
INSERT INTO `sys_role_perm` VALUES ('1002748319131680769', 'a:sys:perm', 3);
INSERT INTO `sys_role_perm` VALUES ('1002748319131680769', 'b:user:add', 2);
INSERT INTO `sys_role_perm` VALUES ('1002748319131680769', 'm:menu3', 1);
INSERT INTO `sys_role_perm` VALUES ('1002748319131680769', 'm:menu3:1', 1);
INSERT INTO `sys_role_perm` VALUES ('1002748319131680769', 'm:menu3:2', 1);
INSERT INTO `sys_role_perm` VALUES ('1002748319131680769', 'm:menu3:3', 1);
INSERT INTO `sys_role_perm` VALUES ('1002748319131680769', 'm:menu4', 1);
INSERT INTO `sys_role_perm` VALUES ('1002748319131680769', 'm:menu4:1', 1);
INSERT INTO `sys_role_perm` VALUES ('1002748319131680769', 'm:menu4:1:a', 1);
INSERT INTO `sys_role_perm` VALUES ('1002748319131680769', 'm:menu4:1:b', 1);
INSERT INTO `sys_role_perm` VALUES ('1002748319131680769', 'm:menu4:1:c', 1);
INSERT INTO `sys_role_perm` VALUES ('1002748319131680769', 'm:menu4:2', 1);
INSERT INTO `sys_role_perm` VALUES ('999999888888777777', '*', NULL);

-- ----------------------------
-- Table structure for sys_user
-- ----------------------------
DROP TABLE IF EXISTS `sys_user`;
CREATE TABLE `sys_user`  (
  `id` bigint(20) NOT NULL AUTO_INCREMENT COMMENT '?',
  `username` varchar(255) CHARACTER SET utf8 COLLATE utf8_general_ci NOT NULL COMMENT '?û??',
  `password` varchar(255) CHARACTER SET utf8 COLLATE utf8_general_ci NOT NULL COMMENT '???',
  `phone` varchar(255) CHARACTER SET utf8 COLLATE utf8_general_ci NULL DEFAULT NULL COMMENT '?ֻ',
  `avatar` varchar(255) CHARACTER SET utf8 COLLATE utf8_general_ci NULL DEFAULT NULL COMMENT 'ͷ?',
  `create_time` datetime(0) NULL DEFAULT NULL COMMENT '????ʱ?',
  `open_id` varchar(255) CHARACTER SET utf8 COLLATE utf8_general_ci NULL DEFAULT NULL,
  PRIMARY KEY (`id`) USING BTREE
) ENGINE = InnoDB AUTO_INCREMENT = 1002748017179541506 CHARACTER SET = utf8 COLLATE = utf8_general_ci ROW_FORMAT = Dynamic;

-- ----------------------------
-- Records of sys_user
-- ----------------------------
INSERT INTO `sys_user` VALUES (986177923098808322, 'admin', '$2a$10$zVAf02ng.YxGK14F8Riq/uLsNLA.tUYbv5QTPpQNnxDfnEEXW0upK', '18518215886', 'http://127.0.0.1:4100/upload/111689740.png', '2019-05-24 13:07:45', NULL);
INSERT INTO `sys_user` VALUES (1002748017179541505, 'ryuntech', '$2a$10$vKodkpAjXr3rVZFX9gO2EeU5N7cLp.0muq5S6tSai4TiViDOalrcK', '18518215883', 'http://127.0.0.1:4100/upload/111689740.png', '2019-05-22 17:37:22', NULL);

-- ----------------------------
-- Table structure for sys_user_role
-- ----------------------------
DROP TABLE IF EXISTS `sys_user_role`;
CREATE TABLE `sys_user_role`  (
  `user_id` varchar(25) CHARACTER SET utf8 COLLATE utf8_general_ci NOT NULL,
  `role_id` varchar(25) CHARACTER SET utf8 COLLATE utf8_general_ci NOT NULL,
  PRIMARY KEY (`user_id`, `role_id`) USING BTREE
) ENGINE = InnoDB CHARACTER SET = utf8 COLLATE = utf8_general_ci ROW_FORMAT = Dynamic;

-- ----------------------------
-- Records of sys_user_role
-- ----------------------------
INSERT INTO `sys_user_role` VALUES ('1002748017179541505', '1002748319131680769');
INSERT INTO `sys_user_role` VALUES ('986177923098808322', '999999888888777777');



-- ----------------------------
-- Table structure for ryn_receivable_collection
-- ----------------------------
DROP TABLE IF EXISTS `ryn_receivable_collection`;
CREATE TABLE `ryn_receivable_collection`  (
  `COLLECTION_ID` varchar(64) CHARACTER SET utf8mb4 COLLATE utf8mb4_bin NOT NULL COMMENT '客户编号',
  `CUSTOMER_ID` varchar(64) CHARACTER SET utf8mb4 COLLATE utf8mb4_bin NOT NULL COMMENT '客户名称',
  `CUSTOMER_NAME` varchar(255) CHARACTER SET utf8mb4 COLLATE utf8mb4_bin NULL DEFAULT NULL COMMENT '客户名称',
  `AMOUNT` varchar(128) CHARACTER SET utf8mb4 COLLATE utf8mb4_bin NULL DEFAULT NULL COMMENT '回款金额',
  `CARD_NO` varchar(64) CHARACTER SET utf8mb4 COLLATE utf8mb4_bin NULL DEFAULT NULL COMMENT '回款账户',
  `TYPE` varchar(4) CHARACTER SET utf8mb4 COLLATE utf8mb4_bin NULL DEFAULT NULL COMMENT '回款方式',
  `TIME` datetime(0) NULL DEFAULT NULL COMMENT '回款时间',
  `VOUCHER_TYPE` varchar(4) CHARACTER SET utf8mb4 COLLATE utf8mb4_bin NULL DEFAULT NULL COMMENT '凭证类型',
  `ATTACHMENT_CODE` varchar(64) CHARACTER SET utf8mb4 COLLATE utf8mb4_bin NULL DEFAULT NULL COMMENT '凭证附件编码',
  `CREATE_BY` varchar(64) CHARACTER SET utf8mb4 COLLATE utf8mb4_bin NOT NULL COMMENT '创建人',
  `CREATE_TIME` datetime(0) NULL DEFAULT NULL COMMENT '创建时间',
  `STATUS` varchar(4) CHARACTER SET utf8mb4 COLLATE utf8mb4_bin NULL DEFAULT NULL COMMENT '回款状态(0已作废，1已收款)',
  `REMARKS` varchar(255) CHARACTER SET utf8mb4 COLLATE utf8mb4_bin NOT NULL COMMENT '备注',
  `COLLECTION_DATE` datetime(0) NULL DEFAULT NULL COMMENT '回款日期',
  `CONTRACT_ID` varchar(64) CHARACTER SET utf8mb4 COLLATE utf8mb4_bin NULL DEFAULT NULL COMMENT '合同编号',
  `PLAN_ID` varchar(64) CHARACTER SET utf8mb4 COLLATE utf8mb4_bin NULL DEFAULT NULL COMMENT '计划编号',
  PRIMARY KEY (`COLLECTION_ID`) USING BTREE
) ENGINE = InnoDB CHARACTER SET = utf8mb4 COLLATE = utf8mb4_bin COMMENT = '回款表' ROW_FORMAT = Dynamic;

-- ----------------------------
-- Table structure for ryn_receivable_collection_plan
-- ----------------------------
DROP TABLE IF EXISTS `ryn_receivable_collection_plan`;
CREATE TABLE `ryn_receivable_collection_plan`  (
  `PLAN_ID` varchar(64) CHARACTER SET utf8mb4 COLLATE utf8mb4_bin NOT NULL COMMENT '主键',
  `PLAN_AMOUNT` varchar(32) CHARACTER SET utf8mb4 COLLATE utf8mb4_bin NULL DEFAULT NULL COMMENT '计划金额',
  `REMAKES` varchar(255) CHARACTER SET utf8mb4 COLLATE utf8mb4_bin NULL DEFAULT NULL COMMENT '备注',
  `STATUS` varchar(4) CHARACTER SET utf8mb4 COLLATE utf8mb4_bin NULL DEFAULT NULL COMMENT '回款状态(0逾期1已还款2未开始)',
  `CONTRACT_ID` varchar(64) CHARACTER SET utf8mb4 COLLATE utf8mb4_bin NULL DEFAULT NULL COMMENT '合同编号',
  `PLAN_TIME` timestamp NOT NULL DEFAULT '0000-00-00 00:00:00' COMMENT '计划回款时间',
  PRIMARY KEY (`PLAN_ID`) USING BTREE
) ENGINE = InnoDB CHARACTER SET = utf8mb4 COLLATE = utf8mb4_bin ROW_FORMAT = Dynamic;

-- ----------------------------
-- Table structure for ryn_receivable_contract
-- ----------------------------
DROP TABLE IF EXISTS `ryn_receivable_contract`;
CREATE TABLE `ryn_receivable_contract`  (
  `CONTRACT_ID` varchar(64) CHARACTER SET utf8mb4 COLLATE utf8mb4_bin NOT NULL COMMENT '合同编号',
  `CONTRACT_NAME` varchar(128) CHARACTER SET utf8mb4 COLLATE utf8mb4_bin NULL DEFAULT NULL COMMENT '合同名称',
  `CUSTOMER_ID` varchar(64) CHARACTER SET utf8mb4 COLLATE utf8mb4_bin NULL DEFAULT NULL COMMENT '客户编号',
  `CUSTOMER_NAME` varchar(128) CHARACTER SET utf8mb4 COLLATE utf8mb4_bin NULL DEFAULT NULL COMMENT '客户名称',
  `CONTRACT_TIME` datetime(0) NULL DEFAULT NULL COMMENT '合同日期',
  `CONTRACT_AMOUNT` varchar(64) CHARACTER SET utf8mb4 COLLATE utf8mb4_bin NULL DEFAULT NULL COMMENT '合同金额',
  `BALANCE_AMOUNT` varchar(64) CHARACTER SET utf8mb4 COLLATE utf8mb4_bin NULL DEFAULT NULL COMMENT '应收余额',
  `COLLECTION_AMOUNT` varchar(64) CHARACTER SET utf8mb4 COLLATE utf8mb4_bin NULL DEFAULT NULL COMMENT '回款余额',
  `STATUS` varchar(4) CHARACTER SET utf8mb4 COLLATE utf8mb4_bin NULL DEFAULT NULL COMMENT '合同状态(0已逾期,1已完成，2执行中)',
  `DEPARTMENT` varchar(256) CHARACTER SET utf8mb4 COLLATE utf8mb4_bin NULL DEFAULT NULL COMMENT '部门',
  `CONTRACT_CODE` varchar(64) CHARACTER SET utf8mb4 COLLATE utf8mb4_bin NULL DEFAULT NULL COMMENT '合同编码',
  `CONTACTS` varchar(64) CHARACTER SET utf8mb4 COLLATE utf8mb4_bin NULL DEFAULT NULL COMMENT '联系人',
  `CONTACTS_PHONE` varchar(32) CHARACTER SET utf8mb4 COLLATE utf8mb4_bin NULL DEFAULT NULL COMMENT '联系电话',
  `STAFF_ID` varchar(64) CHARACTER SET utf8mb4 COLLATE utf8mb4_bin NULL DEFAULT NULL COMMENT '负责人员工编号',
  `STAFF_NAME` varchar(255) CHARACTER SET utf8mb4 COLLATE utf8mb4_bin NULL DEFAULT NULL COMMENT '负责人员工姓名',
  `ATTACHMENT_CODE` varchar(64) CHARACTER SET utf8mb4 COLLATE utf8mb4_bin NOT NULL COMMENT '附件编码',
  PRIMARY KEY (`CONTRACT_ID`) USING BTREE
) ENGINE = InnoDB CHARACTER SET = utf8mb4 COLLATE = utf8mb4_bin COMMENT = '应收合同表' ROW_FORMAT = Dynamic;

DROP TABLE IF EXISTS `ryn_attachment`;
CREATE TABLE `ryn_attachment`  (
 `ID` varchar(64) CHARACTER SET utf8mb4 COLLATE utf8mb4_bin NOT NULL COMMENT '附件主键',
 `ATTACHMENT_CODE` varchar(64) CHARACTER SET utf8mb4 COLLATE utf8mb4_bin NOT NULL COMMENT '附件编码',
 `ATTACHMENT_URL` varchar(255) CHARACTER SET utf8mb4 COLLATE utf8mb4_bin NOT NULL COMMENT '附件地址',
 `ATTACHMENT_TYPE` varchar(4) CHARACTER SET utf8mb4 COLLATE utf8mb4_bin NOT NULL COMMENT '附件类型',
 `STATUS` varchar(4) CHARACTER SET utf8mb4 COLLATE utf8mb4_bin NOT NULL COMMENT '附件类型',
 `UPDATED_AT` timestamp NOT NULL DEFAULT CURRENT_TIMESTAMP ON UPDATE CURRENT_TIMESTAMP COMMENT '最后更新时间',
 `CREATED_AT` timestamp NOT NULL DEFAULT '0000-00-00 00:00:00' COMMENT '创建时间',
  PRIMARY KEY (`ID`) USING BTREE
)ENGINE = InnoDB CHARACTER SET = utf8mb4 COLLATE = utf8mb4_bin COMMENT = '附件表' ROW_FORMAT = Dynamic;

-- ----------------------------
-- Records of ryn_receivable_contract
-- ----------------------------
INSERT INTO `ryn_receivable_contract` VALUES ('726016414963466240', '测试', NULL, '冲冲冲', '2019-09-29 17:04:33', '40', NULL, NULL, NULL, NULL, NULL, '43222', '参数', '18518215586', NULL, '123', 'http://wx.ryuntech.com/upload/135302172.jpg', NULL);

-- ----------------------------
-- Table structure for ryn_sys_params
-- ----------------------------
DROP TABLE IF EXISTS `ryn_sys_params`;
CREATE TABLE `ryn_sys_params`  (
  `INNER_NAME` varchar(510) CHARACTER SET utf8 COLLATE utf8_general_ci NOT NULL COMMENT '内部名key',
  `OUTER_NAME` varchar(510) CHARACTER SET utf8 COLLATE utf8_general_ci NULL DEFAULT NULL COMMENT '外部名',
  `VALUE` varchar(1000) CHARACTER SET utf8 COLLATE utf8_general_ci NULL DEFAULT NULL COMMENT '参数值',
  `TYPE` varchar(60) CHARACTER SET utf8 COLLATE utf8_general_ci NULL DEFAULT NULL COMMENT '参数类型1=第一次登录,0=非第一次登录',
  `STATUS` varchar(2) CHARACTER SET utf8 COLLATE utf8_general_ci NULL DEFAULT NULL COMMENT '状态 1=是；0=否',
  `MEMO` varchar(510) CHARACTER SET utf8 COLLATE utf8_general_ci NULL DEFAULT NULL COMMENT '备注',
  `INSTANCE_ID` varchar(40) CHARACTER SET utf8 COLLATE utf8_general_ci NULL DEFAULT NULL COMMENT '流程实例编号',
  PRIMARY KEY (`INNER_NAME`) USING BTREE
) ENGINE = InnoDB CHARACTER SET = utf8 COLLATE = utf8_general_ci ROW_FORMAT = Dynamic;


SET FOREIGN_KEY_CHECKS = 1;
